Sample_ID,Method_R1,Coef_np_R1,Coef_OLS_R1,Standard_Error_R1,Data_Points_Used_R1,Diff_R1,Data_Points_R1,smaller_than_R1,Method_R2,Coef_np_R2,Coef_OLS_R2,Standard_Error_R2,Data_Points_Used_R2,Diff_R2,smaller_than_R2,larger_than_R2
2-1,3,7.061720479986146,7.061720479986147,0.5206356550251384,17,0,17.0,0.0,3,7.47599360492496,7.475993604924961,0.5213837802087926,17,0,0.0,0.0
2-2,3,4.874892224373454,4.874892224373454,0.40616067479812007,17,0,20.0,0.0,3,4.451822779753907,4.451822779753907,0.2754233758054391,20,0,0.0,0.0
3-1,1,7.102533186853061,7.102533186853062,0.4835701639057296,5,0,5.0,0.0,1,7.088883091073414,7.088883091073413,0.47446655265124366,5,0,0.0,0.0
3-2,1,6.74276460415213,6.742764604152129,0.34922706986564006,4,0,4.0,0.0,1,6.649520052695009,6.649520052695008,0.3884728711326832,4,0,0.0,0.0
3-3,2,187.89094358831414,187.89094358831414,0.0,2,0,2.0,0.0,2,185.9569908831296,185.9569908831296,0.0,2,0,0.0,1.0
3-4,1,0.08899495573265986,0.08899495573265985,0.0071055417635344665,13,0,13.0,0.0,1,0.08925594251386791,0.08925594251386791,0.0067465967711339584,14,0,0.0,0.0
4-1,2,9.141262819186363,9.141262819186363,0.0,2,0,3.0,0.0,2,9.141262819186363,9.141262819186363,0.0,2,0,0.0,0.0
5-1,1,1.2094547278817227,1.2094547278817227,0.0393551918268963,3,0,4.0,0.0,1,1.2094547278817227,1.2094547278817227,0.0393551918268963,3,0,0.0,0.0
5-2,1,0.5052893235281751,0.5052893235281751,0.04590626809565576,6,0,6.0,0.0,1,0.5052893235281751,0.5052893235281751,0.04590626809565576,6,0,0.0,0.0
5-3,1,0.13488228082420195,0.13488228082420192,0.01553132202760399,4,0,7.0,0.0,1,0.13488228082420195,0.13488228082420192,0.01553132202760399,4,0,0.0,0.0
5-4,3,0.7917871544373638,0.7917871544373638,0.02841087077617442,4,0,4.0,0.0,3,0.7917871544373638,0.7917871544373638,0.02841087077617442,4,0,0.0,0.0
5-5,3,0.37470568539651894,0.3747056853965189,0.010962725650027016,4,0,4.0,0.0,3,0.37470568539651894,0.3747056853965189,0.010962725650027016,4,0,0.0,0.0
6-1,1,1.4719500686612523,1.4719500686612523,0.0,2,0,5.0,0.0,1,1.4719500686612523,1.4719500686612523,0.0,2,0,0.0,0.0
7-1,3,11.961481002566472,11.961481002566472,0.0,2,0,2.0,0.0,3,11.961481002566472,11.961481002566472,0.0,2,0,0.0,0.0
7-2,3,12.756704116310505,12.756704116310505,0.0,2,0,2.0,0.0,3,12.756704116310505,12.756704116310505,0.0,2,0,0.0,0.0
7-3,3,24.89281181615185,24.89281181615185,0.0,2,0,2.0,0.0,3,24.89281181615185,24.89281181615185,0.0,2,0,0.0,0.0
7-4,3,28.080306012122513,28.080306012122513,5.415722071342227e-15,2,0,2.0,0.0,3,28.080306012122513,28.080306012122513,5.415722071342227e-15,2,0,0.0,0.0
7-5,3,29.52032170505187,29.52032170505187,0.0,2,0,2.0,0.0,3,29.52032170505187,29.52032170505187,0.0,2,0,0.0,0.0
7-6,3,10.372004923396604,10.372004923396604,2.0004018461714533e-15,2,0,2.0,0.0,3,10.372004923396604,10.372004923396604,2.0004018461714533e-15,2,0,0.0,0.0
7-7,3,209.3259175449133,209.3259175449133,0.0,2,0,2.0,0.0,3,209.3259175449133,209.3259175449133,0.0,2,0,0.0,0.0
7-8,3,71.95578415606393,71.95578415606393,0.0,2,0,2.0,0.0,3,71.95578415606393,71.95578415606393,0.0,2,0,0.0,0.0
7-9,3,21.72250087730232,21.72250087730232,0.0,2,0,2.0,0.0,3,21.72250087730232,21.72250087730232,0.0,2,0,0.0,0.0
7-10,3,184.2068074395237,184.2068074395237,3.552713678800501e-14,2,0,2.0,0.0,3,184.2068074395237,184.2068074395237,3.552713678800501e-14,2,0,0.0,0.0
7-11,3,75.49459321291953,75.49459321291951,2.912060392459426e-14,2,0,2.0,0.0,3,75.49459321291953,75.49459321291951,2.912060392459426e-14,2,0,0.0,0.0
7-12,3,69.77530584830441,69.77530584830441,0.0,2,0,2.0,0.0,3,69.77530584830441,69.77530584830441,0.0,2,0,0.0,0.0
8-1,2,275.4764148810272,275.4764148810272,21.075623179037738,14,0,36.0,0.0,2,279.51834710093965,279.51834710093965,18.368171243786875,14,0,0.0,0.0
9-1,3,7.172582266172079,7.17258226617208,1.2799539926598429,4,0,9.0,0.0,3,7.161418784259351,7.16141878425935,1.2467611968632146,4,0,0.0,0.0
10-1,0,1.4,1.4,0.0,0,0,,0.0,0,1.4,1.4,0.0,0,0,0.0,0.0
10-2,0,6.6,6.6,0.0,0,0,,0.0,0,6.6,6.6,0.0,0,0,0.0,0.0
10-3,0,5.7,5.7,0.0,0,0,,0.0,0,5.7,5.7,0.0,0,0,0.0,0.0
10-4,0,4.1,4.1,0.0,0,0,,0.0,0,4.1,4.1,0.0,0,0,0.0,0.0
10-5,0,3.4,3.4,0.0,0,0,,0.0,0,3.4,3.4,0.0,0,0,0.0,0.0
10-6,0,4.9,4.9,0.0,0,0,,0.0,0,4.9,4.9,0.0,0,0,0.0,0.0
10-7,0,3.1,3.1,0.0,0,0,,0.0,0,3.1,3.1,0.0,0,0,0.0,0.0
10-8,0,0.8,0.8,0.0,0,0,,0.0,0,0.8,0.8,0.0,0,0,0.0,0.0
10-9,0,2.8,2.8,0.0,0,0,,0.0,0,2.8,2.8,0.0,0,0,0.0,0.0
10-10,0,3.2,3.2,0.0,0,0,,0.0,0,3.2,3.2,0.0,0,0,0.0,0.0
10-11,0,8.0,8.0,0.0,0,0,,0.0,0,8.0,8.0,0.0,0,0,0.0,0.0
10-12,0,5.9,5.9,0.0,0,0,,0.0,0,5.9,5.9,0.0,0,0,0.0,0.0
11-1,3,10.699701156824997,10.699701156824997,3.2972851318955656,4,0,10.0,0.0,3,10.589844858064792,10.589844858064792,2.6618207646364174,4,0,0.0,0.0
11-2,3,35.528447446945194,35.528447446945194,0.0,2,0,6.0,0.0,3,24.448193703002055,24.448193703002055,5.175864916667397e-15,2,0,0.0,0.0
11-3,3,2.394280162513336,2.3942801625133354,0.2794927018676386,7,0,7.0,0.0,3,2.3814558263989762,2.381455826398976,0.2773200394492821,7,0,0.0,0.0
11-4,3,132.6683284831024,132.6683284831024,0.0,2,0,5.0,0.0,3,128.8517314665355,128.8517314665355,1.7942998377780307e-14,2,0,0.0,0.0
11-5,3,136.47922020233943,136.47922020233943,0.0,2,0,3.0,0.0,3,131.26301414483066,131.26301414483066,0.0,2,0,0.0,0.0
11-6,3,75.78046097157865,75.78046097157865,0.0,2,0,3.0,0.0,3,75.13698724506887,75.13698724506885,1.5582077538598683e-14,2,0,0.0,0.0
12-1,3,7.88684639671884,7.886846396718839,0.26762975615129675,12,0,12.0,0.0,3,7.914741190981854,7.914741190981854,0.25978660755631555,12,0,0.0,0.0
13-1,2,0.8312332185708505,0.8312332185708505,0.030392572625616062,3,0,8.0,0.0,2,0.8204878214702116,0.8204878214702116,0.023337153980383787,3,0,0.0,0.0
13-2,2,2.1283561542908296,2.1283561542908296,0.18778268086541353,3,0,8.0,0.0,2,2.130658739383824,2.130658739383824,0.19103902793244387,3,0,0.0,0.0
13-3,2,2.3307277996861955,2.330727799686195,0.2266724750559859,4,0,6.0,0.0,2,2.3460783669728227,2.3460783669728227,0.2539317540668485,4,0,0.0,0.0
14-1,3,59.98122006042436,59.98122006042436,3.6300353073734795,17,0,25.0,0.0,3,56.74758388896761,56.74758388896761,3.4792090999342866,17,0,0.0,0.0
14-2,3,27.654834167242782,27.654834167242782,1.6542264702269696,22,0,28.0,0.0,3,25.46164578304293,25.461645783042933,1.9243719632318057,22,0,0.0,0.0
14-3,3,13.24687703573686,13.246877035736862,0.5128992674237702,38,0,38.0,0.0,3,12.71533386582056,12.715333865820561,0.46674026817876424,44,0,0.0,0.0
14-4,3,123.64425660278363,123.64425660278363,5.759652497910889,7,0,11.0,0.0,3,114.13338585507115,114.13338585507115,4.799761623300213,7,0,0.0,0.0
14-5,3,39.19416215571765,39.19416215571765,1.7548026376531307,14,0,18.0,0.0,3,37.72730674558188,37.72730674558188,2.287009030776548,14,0,0.0,0.0
14-6,3,14.062674196188857,14.062674196188858,2.0755178873427913,12,0,13.0,0.0,3,13.385694849128637,13.385694849128637,1.960083518550738,12,0,0.0,0.0
14-7,3,8.166618923501767,8.166618923501767,0.691746448363389,10,0,10.0,0.0,3,8.030579619901012,8.03057961990101,0.6814810895439526,11,0,0.0,0.0
14-8,3,4.033640974204278,4.033640974204278,0.22408740633881566,21,0,24.0,0.0,3,3.978950566610228,3.978950566610228,0.22876544499862517,21,0,0.0,0.0
14-9,3,61.281573270581596,61.2815732705816,5.334600629157523,6,0,8.0,0.0,3,63.864077277274134,63.86407727727414,3.7527246986438034,6,0,0.0,0.0
14-10,3,32.159885030848606,32.159885030848606,4.738564870868288,18,0,18.0,0.0,3,31.744298769785175,31.744298769785175,4.766300806280078,18,0,0.0,0.0
14-11,3,17.798097328533725,17.798097328533725,0.5664314122047516,12,0,16.0,0.0,3,17.217409312847185,17.217409312847188,0.8686925558209527,16,0,0.0,0.0
14-12,3,14.998489131749121,14.998489131749123,1.1014001660897508,12,0,12.0,0.0,3,14.695638112883838,14.695638112883838,1.1197157689633737,12,0,0.0,0.0
14-13,3,7.616211924312936,7.616211924312936,0.5865721865515725,18,0,23.0,0.0,3,7.580169803161652,7.580169803161647,0.332155935141717,23,0,0.0,0.0
14-14,3,4.846179775087533,4.846179775087533,0.22617870340397564,28,0,28.0,0.0,3,4.877203629413716,4.877203629413715,0.22263784866178654,29,0,0.0,0.0
15-1,3,6.890624448968615,6.890624448968616,1.1983471714025438,4,0,7.0,0.0,3,6.474446049228335,6.474446049228336,1.56470645481832,3,0,0.0,0.0
15-2,3,15.878264030769008,15.878264030769008,0.5660250066185121,4,0,7.0,0.0,3,15.373912241253244,15.373912241253246,0.681152757107797,3,0,0.0,0.0
15-3,3,25.288632035550147,25.288632035550144,0.5141913685319671,4,0,7.0,0.0,3,24.920319190259416,24.92031919025942,0.5373028046899455,3,0,0.0,0.0
15-4,3,33.755292845762824,33.755292845762824,1.6353889264209602,4,0,7.0,0.0,3,33.082655843761295,33.082655843761295,1.9584946042680365,3,0,0.0,0.0
15-5,3,31.03703320097007,31.037033200970075,1.0190877341355746,4,0,7.0,0.0,3,30.225838015035634,30.225838015035634,1.1753245500358367,3,0,0.0,0.0
15-6,3,35.79839624884617,35.79839624884617,1.380400840821567,4,0,7.0,0.0,3,35.304625266103464,35.304625266103464,1.7350137566171029,3,0,0.0,0.0
15-7,3,37.49636381195118,37.496363811951184,0.8250449145400632,4,0,7.0,0.0,3,36.74059189958991,36.740591899589916,0.8902402861733438,3,0,0.0,0.0
16-1,3,41.98831640165614,41.98831640165614,3.9099944802121516,4,0,4.0,0.0,3,41.98831640165614,41.98831640165614,3.9099944802121516,4,0,0.0,0.0
16-2,3,36.34609600389562,36.34609600389561,2.0398485438782177,4,0,4.0,0.0,3,36.34609600389562,36.34609600389561,2.0398485438782177,4,0,0.0,0.0
16-3,3,51.16855762208991,51.1685576220899,9.868649107779167e-15,2,0,4.0,0.0,3,51.16855762208991,51.1685576220899,9.868649107779167e-15,2,0,0.0,0.0
16-4,3,35.42438604606224,35.42438604606224,6.832141690000963e-15,2,0,4.0,0.0,3,35.42438604606224,35.42438604606224,6.832141690000963e-15,2,0,0.0,0.0
17-1,3,3.465390564956039,3.465390564956039,0.056986073673030185,3,0,5.0,0.0,3,3.454108989436597,3.4541089894365973,0.0685084382012567,3,0,0.0,0.0
17-2,3,10.614917278702553,10.614917278702553,0.0,2,0,5.0,0.0,3,10.572681805786535,10.572681805786535,0.0,2,0,0.0,0.0
18-1,3,13.632544612187493,13.632544612187491,0.7959365740738008,16,0,16.0,0.0,3,13.6155149006857,13.615514900685698,0.7898668143939019,16,0,0.0,0.0
20-1,3,219.10060796771538,219.10060796771538,0.0,2,0,5.0,0.0,3,217.74529006087928,217.74529006087928,101.37739660099714,2,0,0.0,0.0
21-1,3,15.350567286626973,15.350567286626973,0.0,2,0,2.0,0.0,3,15.350567286626973,15.350567286626973,0.0,2,0,0.0,0.0
21-2,1,2.1109394053261923,2.110939405326192,4.984022786806546e-16,2,0,2.0,0.0,1,2.1566841995876724,2.1566841995876724,2.5054398299016227e-16,2,0,0.0,0.0
21-3,1,9.25392924166993,9.25392924166993,1.0496654051002983e-15,2,0,2.0,0.0,1,9.602682161270765,9.602682161270764,2.129354505519194e-15,2,0,0.0,0.0
21-4,1,2.1886599356964975,2.188659935696497,7.47603418020982e-16,2,0,2.0,0.0,1,2.1885328856343103,2.1885328856343103,0.0,2,0,0.0,0.0
21-5,1,4.445766323339052,4.445766323339052,0.0,2,0,2.0,0.0,1,4.213058461351566,4.213058461351565,1.064677252759597e-15,2,0,0.0,0.0
22-1,1,5.773012511046609,5.773012511046609,0.3071247971454623,3,0,8.0,0.0,1,5.512444156133478,5.512444156133478,0.019671310394829302,3,0,0.0,0.0
22-2,1,3.348523697595038,3.3485236975950374,0.014174330533509763,4,0,7.0,0.0,1,3.3466372299603675,3.346637229960368,0.031197188601869895,4,0,0.0,0.0
22-3,1,3.738883005847567,3.738883005847567,0.18295022600727065,4,0,7.0,0.0,1,3.544034901867787,3.5440349018677866,0.17194635602381078,4,0,0.0,0.0
23-1,3,8.952556405561653,8.952556405561651,0.36753620089142497,11,0,11.0,0.0,3,8.919218515383024,8.919218515383022,0.3715543701134589,11,0,0.0,0.0
23-2,3,8.96902218201807,8.969022182018072,0.3263352293587036,11,0,11.0,0.0,3,8.955810526279986,8.955810526279988,0.32551268923143994,11,0,0.0,0.0
23-3,3,8.25483392027429,8.25483392027429,0.23054627420741886,8,0,8.0,0.0,3,8.237044197547965,8.237044197547963,0.22766329650969205,8,0,0.0,0.0
25-1,3,6.2327468754724356,6.232746875472437,0.35666980902564616,4,0,4.0,0.0,3,6.192967599888512,6.19296759988851,0.3488569632724921,4,0,0.0,0.0
26-1,3,41.17597826472878,41.17597826472878,3.98642364728932,3,0,3.0,0.0,3,41.10269140316718,41.10269140316717,4.097938407567713,3,0,0.0,0.0
27-1,1,0.9949829830686481,0.9949829830686481,0.0,2,0,2.0,0.0,1,0.9850375481228999,0.9850375481228999,0.0,2,0,0.0,0.0
27-2,1,1.2177811384047812,1.2177811384047812,0.0,2,0,2.0,0.0,1,1.2146946479905447,1.2146946479905447,1.6496680965120343e-16,2,0,0.0,1.0
28-1,1,40.48609511103969,40.48609511103968,1.5198775096472726e-14,2,0,2.0,0.0,1,40.48609511103969,40.48609511103968,1.5198775096472726e-14,2,0,0.0,0.0
28-2,1,9.912890474353764,9.912890474353766,0.08863136058603732,3,0,4.0,0.0,1,9.912890474353764,9.912890474353766,0.08863136058603732,3,0,0.0,0.0
29-1,1,104.4579615327675,104.45796153276748,2.884589058450678e-14,2,0,5.0,0.0,1,107.01578205270272,107.01578205270272,0.0,2,0,0.0,0.0
29-2,1,181.77870113514211,181.77870113514211,0.0,2,0,4.0,0.0,1,181.61493461130533,181.61493461130533,0.0,2,0,0.0,0.0
29-3,1,208.68364977250675,208.68364977250675,3.0153833233112267e-14,2,0,3.0,0.0,1,199.98159554212617,199.98159554212617,0.0,2,0,0.0,0.0
29-4,1,137.7426044613931,137.7426044613931,2.870327314687508e-14,2,0,4.0,0.0,1,131.56193028166842,131.56193028166842,0.0,2,0,0.0,0.0
30-1,2,2.0296171405311867,2.0296171405311867,0.06157899195978174,7,0,7.0,0.0,2,2.0333131100446455,2.0333131100446455,0.06076480027212885,7,0,0.0,0.0
30-2,2,2.762458379055346,2.762458379055346,0.03278863197746462,10,0,10.0,0.0,2,2.772746902104761,2.772746902104761,0.031995259043927346,10,0,0.0,0.0
30-3,3,2.656828953454668,2.656828953454668,3.4160708450004814e-16,2,0,2.0,0.0,3,2.6568289534546676,2.6568289534546676,inf,2,0,0.0,0.0
30-4,3,3.0033718604270168,3.0033718604270168,0.0,2,0,2.0,0.0,3,3.0033718604270163,3.0033718604270163,,2,0,0.0,0.0
30-5,3,4.317347049363836,4.317347049363836,5.551115123125783e-16,2,0,2.0,0.0,3,4.317347049375,4.317347049375,,2,0,0.0,0.0
30-6,3,5.756462732485115,5.756462732485115,0.0,2,0,2.0,0.0,3,5.7564627325,5.7564627325,,2,0,0.0,0.0
30-7,3,6.907755278982138,6.907755278982138,0.0,2,0,2.0,0.0,3,6.907755279,6.907755279,,2,0,0.0,0.0
30-8,3,9.462678464359092,9.46267846435909,2.433365533425e-15,2,0,2.0,0.0,3,9.462678464383561,9.462678464383561,,2,0,0.0,0.0
30-9,2,11.18815035408913,11.18815035408913,0.35700707399158976,9,0,9.0,0.0,2,11.18171985895501,11.18171985895501,0.35433891422110186,9,0,0.0,0.0
30-10,3,8.634694098727673,8.634694098727673,1.1102230246251565e-15,2,0,2.0,0.0,3,8.63469409875,8.63469409875,,2,0,0.0,0.0
30-11,3,10.466295877245663,10.466295877245663,0.0,2,0,2.0,0.0,3,10.466295877272726,10.466295877272726,,2,0,0.0,0.0
30-12,2,14.822264625379605,14.822264625379606,1.18214714646107,8,0,8.0,0.0,2,14.830139581888702,14.830139581888702,1.2030825796594744,8,0,0.0,0.0
30-13,3,15.350567286626973,15.350567286626973,0.0,2,0,2.0,0.0,3,15.350567286666667,15.350567286666667,inf,2,0,0.0,0.0
30-14,3,17.269388197455346,17.269388197455346,2.220446049250313e-15,2,0,2.0,0.0,3,17.2693881975,17.2693881975,,2,0,0.0,0.0
30-15,3,23.02585092994046,23.02585092994046,0.0,2,0,2.0,0.0,3,23.02585093,23.02585093,,2,0,0.0,0.0
30-16,3,23.81984578959358,23.81984578959358,0.0,2,0,2.0,0.0,3,23.819845789655172,23.819845789655172,,2,0,0.0,0.0
30-17,3,62.79777526347399,62.79777526347399,8.074349270001139e-15,2,0,2.0,0.0,3,62.79777526363637,62.79777526363637,inf,2,0,0.0,0.0
30-18,2,267.39136633517916,267.39136633517916,0.0,2,0,6.0,0.0,2,260.9140028032742,260.9140028032742,0.0,2,0,0.0,0.0
30-19,3,135.44618194082625,135.44618194082625,1.7415263131375006e-14,2,0,2.0,0.0,3,135.4461819411765,135.4461819411765,inf,2,0,0.0,0.0
30-20,3,156.99443815868497,156.99443815868497,2.018587317500285e-14,2,0,2.0,0.0,3,156.99443815909092,156.99443815909092,,2,0,0.0,0.0
30-21,3,186.69608862113887,186.69608862113887,0.0,2,0,2.0,0.0,3,186.6960886216216,186.6960886216216,inf,2,0,0.0,0.0
30-22,2,242.96014964766064,242.96014964766067,14.186957500161549,4,0,6.0,0.0,2,244.04412673920098,244.04412673920098,13.306461964854279,4,0,0.0,0.0
30-23,3,172.69388197455345,172.69388197455345,0.0,2,0,2.0,0.0,3,172.693881975,172.693881975,inf,2,0,0.0,1.0
30-24,3,345.3877639491069,345.3877639491069,0.0,2,0,2.0,0.0,3,345.38776395,345.38776395,inf,2,0,0.0,1.0
30-25,3,203.16927291123935,203.16927291123935,2.6122894697062506e-14,2,0,2.0,0.0,3,203.1692729117647,203.1692729117647,,2,0,0.0,0.0
30-26,3,287.8231366242557,287.8231366242557,3.700743415417188e-14,2,0,2.0,0.0,3,287.82313662499996,287.82313662499996,inf,2,0,0.0,0.0
30-27,2,320.6625210394956,320.6625210394956,12.970851470904844,5,0,7.0,0.0,2,321.07831403495044,321.0783140349505,13.111219634930732,5,0,0.0,0.0
30-28,3,328.94072757057796,328.9407275705779,4.2294210461910714e-14,2,0,2.0,0.0,3,328.9407275714285,328.9407275714285,inf,2,0,0.0,0.0
30-29,2,332.9965932745523,332.9965932745523,1.8604027785454669,3,0,4.0,0.0,2,341.0897442617654,341.0897442617654,12.884065308774739,4,0,0.0,0.0
30-30,3,460.5170185988092,460.5170185988092,0.0,2,0,2.0,0.0,3,460.51701860000003,460.51701860000003,,2,0,0.0,0.0
30-31,3,345.3877639491069,345.3877639491069,0.0,2,0,2.0,0.0,3,345.38776395,345.38776395,inf,2,0,0.0,1.0
30-32,3,690.7755278982138,690.7755278982138,0.0,2,0,2.0,0.0,3,690.7755279,690.7755279,inf,2,0,0.0,1.0
30-33,2,1.4768546515244545,1.4768546515244545,0.03379512105411006,6,0,6.0,0.0,2,1.4788350660010436,1.4788350660010436,0.03442818354269094,6,0,0.0,0.0
30-34,3,0.8743994024028021,0.8743994024028019,3.3728294418992085e-16,2,0,2.0,0.0,3,0.8743994024050631,0.8743994024050631,inf,2,0,0.0,0.0
30-35,3,1.9188209108283716,1.9188209108283716,0.0,2,0,2.0,0.0,3,1.9188209108333334,1.9188209108333334,inf,2,0,0.0,0.0
30-36,3,3.453877639491069,3.453877639491069,0.0,2,0,2.0,0.0,3,3.4538776395,3.4538776395,,2,0,0.0,0.0
30-37,3,5.756462732485115,5.756462732485115,0.0,2,0,2.0,0.0,3,5.7564627325,5.7564627325,,2,0,0.0,0.0
30-38,2,8.70411551478542,8.704115514785418,0.5124979147829001,7,0,7.0,0.0,2,8.542665257509412,8.542665257509412,0.3666770350962767,9,0,0.0,0.0
30-39,3,8.22351818926445,8.22351818926445,0.0,2,0,2.0,0.0,3,8.223518189285715,8.223518189285715,,2,0,0.0,0.0
30-40,3,14.391156831212788,14.391156831212788,0.0,2,0,2.0,0.0,3,14.391156831250001,14.391156831250001,,2,0,0.0,0.0
30-41,3,57.56462732485115,57.56462732485115,0.0,2,0,2.0,0.0,3,57.564627325000004,57.564627325000004,,2,0,0.0,0.0
30-42,2,123.80071721527538,123.8007172152754,3.2975179935641177,3,0,12.0,0.0,2,123.40864935623611,123.40864935623611,2.848502268045419,3,0,0.0,0.0
30-43,3,109.64690919019266,109.64690919019266,0.0,2,0,2.0,0.0,3,109.6469091904762,109.6469091904762,,2,0,0.0,0.0
30-44,3,113.2418898193793,113.24188981937927,4.368090588689139e-14,2,0,2.0,0.0,3,113.24188981967212,113.24188981967212,,2,0,0.0,0.0
30-45,3,222.8308154510367,222.8308154510367,0.0,2,0,2.0,0.0,3,222.8308154516129,222.8308154516129,,2,0,0.0,0.0
30-46,3,345.3877639491069,345.3877639491069,0.0,2,0,2.0,0.0,3,345.38776395,345.38776395,inf,2,0,0.0,0.0
30-47,2,457.1701963628676,457.1701963628676,0.0,2,0,6.0,0.0,2,456.18036244657156,456.18036244657156,0.0,2,0,0.0,0.0
30-48,3,345.3877639491069,345.3877639491069,0.0,2,0,2.0,0.0,3,345.38776395,345.38776395,inf,2,0,0.0,1.0
31-1,2,4.659007607227093,4.659007607227093,0.439255449689549,3,0,5.0,0.0,2,4.7827784220263005,4.7827784220263005,0.49515796405107027,3,0,0.0,0.0
31-2,2,7.432715430458252,7.432715430458251,0.32690368315505797,3,0,4.0,0.0,2,7.468718072730912,7.468718072730912,0.3464608299355723,3,0,0.0,0.0
31-3,2,1.9210107162627692,1.921010716262769,0.05824957831556739,5,0,5.0,0.0,2,1.9218781893135328,1.9218781893135324,0.060166117340764005,5,0,0.0,0.0
31-4,2,0.8872945664032468,0.8872945664032468,0.0410937410558498,8,0,8.0,0.0,2,0.9235263657582508,0.9235263657582508,0.03797792157859882,8,0,0.0,0.0
31-5,2,7.8290598580357695,7.829059858035769,0.5917785186856247,5,0,5.0,0.0,2,7.798910648820581,7.798910648820581,0.6459777695010309,5,0,0.0,0.0
31-6,2,6.456871143787962,6.456871143787962,0.1393443879307888,7,0,7.0,0.0,2,6.484623874615846,6.484623874615847,0.12670325270315705,7,0,0.0,0.0
31-7,2,5.756617007870807,5.756617007870808,0.27921739172290344,6,0,6.0,0.0,2,5.779134061066139,5.77913406106614,0.277133185470628,6,0,0.0,0.0
31-8,2,9.98277219003168,9.98277219003168,0.37915484093812885,3,0,5.0,0.0,2,10.101825978524175,10.101825978524177,0.3884714364975218,3,0,0.0,0.0
31-9,2,254.52783072316916,254.52783072316916,0.0,2,0,5.0,0.0,2,306.555464442024,306.555464442024,5.240029638835574e-14,2,0,0.0,0.0
31-10,2,118.51046667896786,118.51046667896786,10.87365834682266,3,0,6.0,0.0,2,127.71934522224765,127.71934522224765,16.25822639271034,3,0,0.0,0.0
31-11,3,230.25850929940458,230.25850929940458,0.0,2,0,2.0,0.0,3,230.25850929940458,230.25850929940458,0.0,2,0,0.0,1.0
31-12,3,230.25850929940458,230.25850929940458,0.0,2,0,2.0,0.0,3,230.25850929940458,230.25850929940458,0.0,2,0,0.0,1.0
31-13,3,736.8272297580947,736.8272297580947,65.12694134060588,3,0,3.0,0.0,3,736.8272297580947,736.8272297580947,65.12694134060588,3,0,0.0,0.0
31-14,3,230.25850929940458,230.25850929940458,0.0,2,0,2.0,0.0,3,230.25850929940458,230.25850929940458,0.0,2,0,0.0,1.0
31-15,3,230.25850929940458,230.25850929940458,0.0,2,0,2.0,0.0,3,230.25850929940458,230.25850929940458,0.0,2,0,0.0,1.0
31-16,3,230.25850929940458,230.25850929940458,0.0,2,0,2.0,0.0,3,230.25850929940458,230.25850929940458,0.0,2,0,0.0,1.0
32-1,3,179.63233745641395,179.6323374564139,9.544753122259998,19,0,19.0,0.0,3,179.9231627776712,179.9231627776711,8.917193189943907,22,0,0.0,0.0
32-2,3,1.4676077998579515,1.467607799857952,0.11573019099771478,22,0,23.0,0.0,3,1.4931169782598392,1.49311697825984,0.11694738773283275,21,0,0.0,0.0
33-1,1,0.6579461881388082,0.6579461881388082,0.04929335126202429,4,0,4.0,0.0,1,0.6579461881388082,0.6579461881388082,0.04929335126202429,4,0,0.0,0.0
33-2,1,0.2183402512845991,0.21834025128459908,0.0028639492354423693,4,0,6.0,0.0,1,0.2183402512845991,0.21834025128459908,0.0028639492354423693,4,0,0.0,0.0
33-3,1,1.9606922981623376,1.9606922981623378,0.0829286913425091,3,0,4.0,0.0,1,1.9606922981623376,1.9606922981623378,0.0829286913425091,3,0,0.0,0.0
33-4,1,0.8461513538132711,0.8461513538132711,0.006856926918106483,3,0,3.0,0.0,1,0.8461513538132711,0.8461513538132711,0.006856926918106483,3,0,0.0,0.0
33-5,1,2.500579344024993,2.500579344024993,0.13448601949453565,4,0,5.0,0.0,1,2.500579344024993,2.500579344024993,0.13448601949453565,4,0,0.0,0.0
33-6,1,0.573121245800211,0.5731212458002111,0.01750888337221589,4,0,5.0,0.0,1,0.573121245800211,0.5731212458002111,0.01750888337221589,4,0,0.0,0.0
33-7,1,10.2076383740373,10.2076383740373,0.0,2,0,6.0,0.0,1,10.2076383740373,10.2076383740373,0.0,2,0,0.0,0.0
33-8,1,3.623740474220137,3.6237404742201362,9.706867974864754e-16,2,0,6.0,0.0,1,3.623740474220137,3.6237404742201362,9.706867974864754e-16,2,0,0.0,0.0
34-1,1,13.277851094625563,13.277851094625563,0.0,2,0,2.0,0.0,1,13.277851094625563,13.277851094625563,0.0,2,0,0.0,0.0
34-2,1,18.948872306502974,18.948872306502974,0.0,2,0,2.0,0.0,1,18.948872306502974,18.948872306502974,0.0,2,0,0.0,1.0
35-1,3,288.85042559717755,288.85042559717755,3.706911321109617e-14,2,0,6.0,0.0,3,283.7009082669923,283.70090826699226,7.323693752281632e-14,2,0,0.0,0.0
35-2,3,164.09848364456843,164.09848364456843,20.42639727264664,4,0,8.0,0.0,3,177.70902302637037,177.70902302637035,12.121394101035007,4,0,0.0,0.0
35-3,3,18.17705556501288,18.17705556501288,0.5696611289536591,4,0,4.0,0.0,3,18.207576919301996,18.207576919301996,0.5795689991800352,4,0,0.0,0.0
35-4,3,9.146248283540212,9.146248283540212,0.6299566259805034,4,0,5.0,0.0,3,9.10588424903752,9.105884249037517,0.6000078503769003,4,0,0.0,0.0
35-5,3,138.39876359142363,138.39876359142366,5.068455490532709,3,0,6.0,0.0,3,138.70459701054344,138.70459701054347,3.4947650387449265,3,0,0.0,0.0
35-6,3,317.4785214492436,317.47852144924354,42.31614936355357,7,0,7.0,0.0,3,341.6204225422508,341.6204225422508,41.22880223754724,7,0,0.0,0.0
35-7,3,531.6984495830399,531.6984495830399,0.0,2,0,5.0,0.0,3,540.8959384052873,540.8959384052873,0.0,2,0,0.0,0.0
35-8,3,1074.4119766756826,1074.4119766756826,10.500419605136306,3,0,4.0,0.0,3,1219.230124312649,1219.230124312649,26.864074779810288,3,0,0.0,0.0
35-9,3,177.67439337337615,177.67439337337618,3.165214352969771,3,0,6.0,0.0,3,169.4785418448444,169.4785418448444,8.44497936020612,3,0,0.0,0.0
35-10,3,333.1371831753936,333.1371831753936,20.715054633400925,3,0,15.0,0.0,3,307.1356756840871,307.1356756840871,24.177896204545956,3,0,0.0,0.0
35-11,3,384.20711319221675,384.20711319221675,0.0,2,0,5.0,0.0,3,371.596254229157,371.596254229157,0.0,2,0,0.0,0.0
35-12,3,1.72138079328413,1.7213807932841299,0.17939013261519463,5,0,10.0,0.0,3,1.5429616142659888,1.5429616142659888,0.15340325581518846,5,0,0.0,0.0
35-13,3,25.120438149848365,25.120438149848365,0.7774444684623957,8,0,8.0,0.0,3,26.497035380372438,26.49703538037244,0.9887534368691496,6,0,0.0,0.0
35-14,3,195.23183775163574,195.2318377516357,14.070813922407302,3,0,5.0,0.0,3,193.9191954909748,193.9191954909748,19.67011540250614,3,0,0.0,0.0
35-15,3,297.3380746281856,297.3380746281856,4.9507225356677075e-14,2,0,4.0,0.0,3,287.6057412026477,287.6057412026477,0.0,2,0,0.0,0.0
35-16,3,457.7629989593718,457.7629989593719,33.31495432081031,3,0,3.0,0.0,3,384.87054453707526,384.87054453707526,44.30771347304502,3,0,0.0,0.0
35-17,3,345.75883136668443,345.75883136668443,0.0,2,0,7.0,0.0,3,354.42406077132034,354.42406077132034,0.0,2,0,0.0,0.0
35-18,3,229.10706062426823,229.10706062426823,0.0,2,0,7.0,0.0,3,246.16544748036873,246.16544748036873,4.1106368015992973e-14,2,0,0.0,0.0
35-19,3,107.47390708629091,107.47390708629092,6.167916138644056,4,0,7.0,0.0,3,108.5008300779882,108.50083007798818,7.101937990643572,4,0,0.0,0.0
35-20,3,76.38311026022606,76.38311026022606,4.6759519720339835,7,0,8.0,0.0,3,75.92955347193434,75.92955347193433,4.342891246834596,7,0,0.0,0.0
35-21,3,57.56753333002862,57.56753333002862,4.833258249520736,11,0,17.0,0.0,3,57.70841443630938,57.70841443630939,4.926997886936039,11,0,0.0,0.0
35-22,3,31.887354349811904,31.8873543498119,1.1176772172435505,10,0,14.0,0.0,3,32.059130222396675,32.059130222396675,1.1343761431916906,10,0,0.0,0.0
35-23,3,19.83461828281539,19.83461828281539,0.6894304043246801,11,0,14.0,0.0,3,18.974287815251373,18.97428781525137,0.7382008311839472,12,0,0.0,0.0
35-24,3,7.279925954351774,7.279925954351775,0.23646589931389372,19,0,21.0,0.0,3,7.276003601684116,7.276003601684116,0.2282833049760546,19,0,0.0,0.0
35-25,3,1.2533139169768777,1.2533139169768777,0.057277282802375824,5,0,8.0,0.0,3,1.223573582506535,1.2235735825065348,0.0838214690187017,5,0,0.0,0.0
36-1,2,57.9910319717019,57.9910319717019,0.0,2,0,2.0,0.0,2,86.48680827163533,86.48680827163533,0.0,2,0,0.0,1.0
36-2,2,1.8322228811309917,1.832222881130992,0.0386174124311679,3,0,3.0,0.0,2,1.8450339783168535,1.8450339783168535,0.014721046064261303,3,0,0.0,0.0
36-3,2,36.82658211250939,36.82658211250939,0.0,2,0,2.0,0.0,2,9.763856863835379,9.763856863835379,0.0,2,0,0.0,1.0
36-4,2,2.0775203846562125,2.0775203846562125,2.5376526277146434e-16,2,0,2.0,0.0,2,2.5448446319872726,2.5448446319872726,0.0,2,0,0.0,0.0
37-1,1,16.84329298793903,16.84329298793903,0.0,2,0,2.0,0.0,1,16.84329298793903,16.84329298793903,0.0,2,0,0.0,1.0
37-2,1,9.758337456859088,9.758337456859088,0.07824760792263662,3,0,3.0,0.0,1,9.758337456859088,9.758337456859088,0.07824760792263662,3,0,0.0,0.0
37-3,1,17.70448009294333,17.704480092943328,6.630258809581027e-15,2,0,2.0,0.0,1,17.70448009294333,17.704480092943328,6.630258809581027e-15,2,0,0.0,1.0
37-4,1,10.91973872356179,10.91973872356179,0.0,2,0,2.0,0.0,1,10.91973872356179,10.91973872356179,0.0,2,0,0.0,0.0
38-2,3,50.13893354382099,50.13893354382098,3.5893321451880515,14,0,15.0,0.0,3,50.28158562409452,50.28158562409452,3.657154571931744,14,0,0.0,0.0
38-3,3,53.963398223562116,53.96339822356212,3.439146266620238,11,0,19.0,0.0,3,54.106673649031734,54.106673649031734,3.453390620268727,11,0,0.0,0.0
39-1,3,3.7176794374240143,3.7176794374240147,0.09355724770681789,3,0,7.0,0.0,3,3.6564190755573835,3.656419075557383,0.045874815494470776,3,0,0.0,0.0
39-2,3,2.348480535101244,2.348480535101244,0.16976870034999575,7,0,7.0,0.0,3,2.3558763152306383,2.3558763152306383,0.16955811508659044,7,0,0.0,0.0
40-1,3,2.0132212258398106,2.0132212258398106,0.018791407618788853,5,0,5.0,0.0,3,2.0132212258398106,2.0132212258398106,0.018791407618788853,5,0,0.0,0.0
41-1,1,19.576226524867845,19.576226524867845,1.3998740224078807,5,0,5.0,0.0,1,19.64964469171736,19.64964469171736,1.3711753767236565,5,0,0.0,0.0
41-2,1,17.10902864731704,17.10902864731704,2.006815956287434,3,0,6.0,0.0,1,17.354124483317122,17.354124483317122,2.031162494127709,3,0,0.0,0.0
41-3,1,92.16031939545465,92.16031939545465,4.698574596926062,3,0,3.0,0.0,1,90.75136906209197,90.75136906209198,4.975413875674851,3,0,0.0,0.0
41-4,1,161.23329540256387,161.23329540256387,0.0,2,0,4.0,0.0,1,158.62395113495333,158.62395113495333,0.0,2,0,0.0,0.0
41-6,1,6.837443455814052,6.837443455814052,1.8853591482957952,4,0,6.0,0.0,1,6.845423363903114,6.845423363903113,1.8652944321464473,4,0,0.0,0.0
41-7,1,79.88457283679152,79.88457283679152,1.0699289963943708e-14,2,0,4.0,0.0,1,80.90330094678589,80.90330094678589,1.0770520919006539e-14,2,0,0.0,0.0
41-8,1,44.66624525149554,44.66624525149554,2.479021440044863,3,0,3.0,0.0,1,44.617107079551765,44.61710707955177,2.0848292701829365,3,0,0.0,0.0
41-9,1,120.54069978646933,120.54069978646933,2.799380449816003,5,0,5.0,0.0,1,117.06617191180786,117.06617191180786,4.881807002983108,3,0,0.0,0.0
41-10,1,8.834734242445958,8.834734242445958,2.102038825896316,3,0,5.0,0.0,1,9.33465353219752,9.33465353219752,2.5664550087730307,3,0,0.0,0.0
41-11,1,11.692292858298622,11.692292858298622,0.0,2,0,7.0,0.0,1,11.514485422710832,11.514485422710832,0.0,2,0,0.0,0.0
41-12,1,5.35950108762752,5.35950108762752,0.19774989618204245,3,0,6.0,0.0,1,5.809256318525713,5.809256318525714,0.018548141361100893,3,0,0.0,0.0
43-1,2,2.2531256702104874,2.2531256702104874,0.15776566889338778,17,0,17.0,0.0,2,2.1987641120891084,2.1987641120891084,0.1544136392172304,18,0,0.0,0.0
44-1,2,4.7754374093738035,4.775437409373803,0.5393496984601185,4,0,9.0,0.0,2,4.801954211662904,4.8019542116629035,0.5370055860725942,4,0,0.0,0.0
44-2,2,2.5434005793117187,2.5434005793117187,0.12821304789039492,10,0,10.0,0.0,2,2.5481812282264147,2.5481812282264142,0.12726597494032768,10,0,0.0,0.0
44-3,2,1.8294995104975096,1.8294995104975096,0.06203193140025234,11,0,11.0,0.0,2,1.8251554221882769,1.8251554221882769,0.06138870988753636,11,0,0.0,0.0
44-4,2,1.999792297549908,1.999792297549908,0.04329106399034144,11,0,11.0,0.0,2,1.9964442991332292,1.9964442991332292,0.04241258695522748,11,0,0.0,0.0
44-5,2,1.8169691196873228,1.816969119687323,0.10213206705658494,7,0,7.0,0.0,2,1.7861812072138767,1.7861812072138767,0.13009199266724222,5,0,0.0,0.0
44-6,2,1.8291335605418069,1.8291335605418069,0.17436290810913013,5,0,5.0,0.0,2,1.8211504914020298,1.82115049140203,0.17601926637339346,5,0,0.0,0.0
44-7,2,2.2961013543176483,2.2961013543176483,0.17848181070565547,4,0,4.0,0.0,2,2.2917091069642703,2.2917091069642703,0.18149127780841012,4,0,0.0,0.0
44-8,2,4.907331818741289,4.907331818741289,6.68817022043832e-16,2,0,4.0,0.0,2,4.963943503152433,4.963943503152433,6.748593928029047e-16,2,0,0.0,0.0
45-1,2,6.443784382743837,6.443784382743836,0.03500573097057563,3,0,13.0,0.0,2,6.399337822259331,6.399337822259331,0.0,2,0,0.0,0.0
46-1,2,8.683635794456826,8.683635794456826,9.774727681439761e-16,2,0,6.0,0.0,2,9.652024652103746,9.652024652103746,0.0,2,0,0.0,0.0
46-2,2,5.433869323861107,5.433869323861107,0.0,2,0,5.0,0.0,2,6.634395709448984,6.634395709448982,1.879806932676264e-15,2,0,0.0,0.0
46-3,2,0.7894695049962144,0.7894695049962144,0.02055547287053045,3,0,6.0,0.0,2,0.8780548738654168,0.8780548738654168,0.026802325058864415,3,0,0.0,0.0
46-4,2,2.1836809878802965,2.1836809878802965,2.544157865790305e-16,2,0,6.0,0.0,2,2.518691825539544,2.518691825539544,0.0,2,0,0.0,0.0
46-5,2,2.5860666847863607,2.5860666847863607,0.0,2,0,6.0,0.0,2,2.9064120484703335,2.9064120484703335,0.0,2,0,0.0,0.0
46-6,2,1.8460699334241446,1.8460699334241446,2.3636483706025183e-16,2,0,6.0,0.0,2,3.5922610948759397,3.5922610948759397,4.585369184330762e-16,2,0,0.0,0.0
46-7,2,2.337176095228344,2.337176095228344,0.5336389436588708,3,0,6.0,0.0,2,2.382902822198341,2.382902822198341,0.5929514896835546,3,0,0.0,0.0
46-8,2,11.172479001702824,11.172479001702824,0.0,2,0,6.0,0.0,2,10.03181890307256,10.03181890307256,0.0,2,0,0.0,0.0
46-9,2,0.7864445703686348,0.7864445703686348,0.11052742285946038,3,0,6.0,0.0,2,0.7841101955497962,0.7841101955497963,0.16389126472546295,3,0,0.0,0.0
46-10,2,1.4870566910528502,1.4870566910528502,0.1550479005625866,3,0,6.0,0.0,2,1.4724762021070628,1.4724762021070625,0.3058556405962541,3,0,0.0,0.0
46-11,2,2.6942770530409574,2.6942770530409574,0.16092547592054912,3,0,6.0,0.0,2,2.876689770896893,2.876689770896893,0.18152923207992777,3,0,0.0,0.0
46-12,2,7.561667677240188,7.5616676772401865,2.2771322474118747e-15,2,0,4.0,0.0,2,6.198937245027319,6.1989372450273175,1.8638996423374302e-15,2,0,0.0,0.0
46-13,2,11.047881057452333,11.047881057452333,0.0,2,0,6.0,0.0,2,9.741848371502172,9.741848371502172,0.0,2,0,0.0,0.0
48-1,2,2.66839971205098,2.6683997120509795,0.5381291994498077,3,0,3.0,0.0,1,2.5233825540259756,2.523382554025975,0.6192603369286941,3,0,0.0,0.0
48-2,2,3.701042201934399,3.701042201934399,1.206639227350754,3,0,3.0,0.0,1,3.6548951991520373,3.6548951991520373,0.0,2,0,0.0,0.0
48-3,2,0.24554671905050696,0.24554671905050696,0.039883680653136404,4,0,5.0,0.0,1,0.24130003502353403,0.24130003502353406,0.03766653830277838,4,0,0.0,0.0
49-1,2,0.08018273188198233,0.08018273188198236,0.0031692089909904587,21,0,21.0,0.0,2,0.07830110624075136,0.07830110624075133,0.0027612128896897003,23,0,0.0,0.0
49-2,2,0.10648959789034339,0.10648959789034337,0.0033127657788346,13,0,13.0,0.0,2,0.0966051364395145,0.09660513643951449,0.004601163305811835,5,0,0.0,0.0
49-3,2,0.1864032180273722,0.1864032180273722,0.012221755777071349,8,0,11.0,0.0,2,0.19313804544644952,0.19313804544644952,0.0140342685707751,8,0,0.0,0.0
49-4,2,0.3071074114476921,0.3071074114476921,0.025812389647525642,5,0,5.0,0.0,2,0.305560697651888,0.305560697651888,0.025778665856923195,5,0,0.0,0.0
49-5,2,0.24986744512013734,0.24986744512013737,0.01657202582222395,8,0,11.0,0.0,2,0.25362332345106703,0.25362332345106703,0.016348391659252073,8,0,0.0,0.0
50-1,2,96.56902329405332,96.56902329405332,1.0765799026668185e-14,2,0,2.0,0.0,2,92.96893391581524,92.96893391581524,2.0415385107713637e-14,2,0,0.0,0.0
50-2,2,172.69388197455345,172.69388197455345,0.0,2,0,2.0,0.0,2,172.69388197455345,172.69388197455345,0.0,2,0,0.0,1.0
50-3,2,21.201437931946124,21.201437931946124,2.046345412129372,4,0,4.0,0.0,2,22.54446764334823,22.54446764334823,1.9806376228900278,4,0,0.0,0.0
50-4,2,9.86822182711734,9.86822182711734,0.0,2,0,2.0,0.0,2,9.86822182711734,9.86822182711734,0.0,2,0,0.0,0.0
50-5,2,12.559555052694796,12.559555052694796,1.6148698540002276e-15,2,0,2.0,0.0,2,12.559555052694796,12.559555052694796,1.6148698540002276e-15,2,0,0.0,0.0
50-6,2,6.0067437208540335,6.0067437208540335,0.0,2,0,2.0,0.0,2,6.0067437208540335,6.0067437208540335,0.0,2,0,0.0,0.0
50-7,2,11.51292546497023,11.51292546497023,0.0,2,0,2.0,0.0,2,11.51292546497023,11.51292546497023,0.0,2,0,0.0,0.0
50-8,2,11.51292546497023,11.51292546497023,0.0,2,0,2.0,0.0,2,11.51292546497023,11.51292546497023,0.0,2,0,0.0,0.0
50-9,2,23.02585092994046,23.02585092994046,0.0,2,0,2.0,0.0,2,23.02585092994046,23.02585092994046,0.0,2,0,0.0,0.0
50-10,2,128.03030382654043,128.03030382654043,8.824954377402456,3,0,3.0,0.0,2,116.39565653884094,116.39565653884094,6.333699859881101,3,0,0.0,0.0
50-11,2,17.935915648440773,17.935915648440773,0.7748879934504527,7,0,7.0,0.0,2,17.664180507321774,17.664180507321774,0.7011424722185453,7,0,0.0,0.0
50-12,2,8.634694098727673,8.634694098727673,1.1102230246251565e-15,2,0,2.0,0.0,2,8.634694098727673,8.634694098727673,1.1102230246251565e-15,2,0,0.0,0.0
51-1,2,1.173992545357388,1.1739925453573883,0.24355548787094225,4,0,4.0,0.0,2,1.1746113459507597,1.1746113459507597,0.23145486017912958,4,0,0.0,0.0
51-2,3,0.7675283643313486,0.7675283643313486,0.0,2,0,2.0,0.0,2,0.7675283643313486,0.7675283643313486,0.0,2,0,0.0,0.0
51-3,2,0.2418502597281265,0.2418502597281265,0.044240831437467765,5,0,5.0,0.0,2,0.2554876053363189,0.25548760533631887,0.03936163966445422,5,0,0.0,0.0
51-4,2,0.16917606292203788,0.16917606292203788,0.007993628731470893,4,0,4.0,0.0,2,0.1705618587402997,0.1705618587402997,0.0,2,0,0.0,0.0
51-5,2,0.020081772375917104,0.020081772375917104,0.004242682045278176,5,0,5.0,0.0,2,0.019120881042797272,0.019120881042797272,0.003867285976264986,6,0,0.0,0.0
51-6,2,2.8477395765073723,2.8477395765073727,0.14381790363738042,4,0,4.0,0.0,2,2.7821433759955276,2.782143375995528,0.16042602758672678,4,0,0.0,0.0
51-7,3,5.116855762208991,5.116855762208991,0.0,2,0,2.0,0.0,2,5.116855762208991,5.116855762208991,0.0,2,0,0.0,0.0
51-8,2,3.0530498936219432,3.0530498936219432,0.03540812897889681,3,0,3.0,0.0,2,3.4918713476167698,3.4918713476167698,0.08095911097536963,3,0,0.0,0.0
51-9,3,2.3922962005132944,2.3922962005132935,9.227827737144155e-16,2,0,2.0,0.0,2,2.3922962005132944,2.3922962005132935,9.227827737144155e-16,2,0,0.0,0.0
51-10,2,0.2340657279587195,0.2340657279587195,0.025495982603334397,4,0,4.0,0.0,2,0.22253168575016388,0.22253168575016385,0.025478206760899832,4,0,0.0,0.0
51-11,2,23.775113833947113,23.775113833947113,0.0,2,0,2.0,0.0,2,23.405752819070507,23.405752819070507,4.977864043488135e-15,2,0,0.0,0.0
51-12,3,4.1865183508982655,4.1865183508982655,8.074349270001138e-16,2,0,2.0,0.0,2,4.1865183508982655,4.1865183508982655,8.074349270001138e-16,2,0,0.0,0.0
51-13,2,1.7709064182876202,1.7709064182876204,0.3568289594342018,4,0,5.0,0.0,2,1.8100024401819186,1.810002440181919,0.38098487966178596,4,0,0.0,0.0
51-14,3,1.151292546497023,1.151292546497023,0.0,2,0,2.0,0.0,2,1.151292546497023,1.151292546497023,0.0,2,0,0.0,0.0
51-15,2,0.7538841070745461,0.7538841070745461,0.03409800750452487,4,0,4.0,0.0,2,0.732693019849224,0.732693019849224,0.03510124061666194,4,0,0.0,0.0
51-16,2,34.627492225232295,34.627492225232295,0.0,2,0,3.0,0.0,2,36.45115896335986,36.45115896335986,5.280844933430499e-15,2,0,0.0,0.0
51-17,3,46.05170185988092,46.05170185988092,8.881784197001252e-15,2,0,2.0,0.0,2,46.05170185988092,46.05170185988092,8.881784197001252e-15,2,0,0.0,0.0
51-18,2,18.61807898821535,18.61807898821535,0.0,2,0,2.0,0.0,2,23.431140244345556,23.431140244345556,0.0,2,0,0.0,0.0
51-19,3,4.004495813902689,4.004495813902689,0.0,2,0,2.0,0.0,2,4.004495813902689,4.004495813902689,0.0,2,0,0.0,0.0
51-20,3,0.1705618587402997,0.1705618587402997,0.0,2,0,2.0,0.0,2,0.16594601304497386,0.16594601304497386,0.00987796894991015,3,0,0.0,0.0
53-1,2,129.54055370501814,129.5405537050181,5.359550999296244,4,0,6.0,0.0,2,129.8734293773559,129.87342937735588,5.42744615066788,4,0,0.0,0.0
53-2,2,167.19921817549752,167.19921817549752,2.6115579460461213e-14,2,0,3.0,0.0,2,171.01348671410855,171.01348671410855,0.0,2,0,0.0,0.0
53-3,2,185.76444324442463,185.76444324442463,0.0,2,0,2.0,0.0,2,188.23463516861256,188.23463516861256,0.0,2,0,0.0,0.0
53-4,2,86.95585695998693,86.95585695998693,7.738830837614282,5,0,6.0,0.0,2,86.81619329805146,86.81619329805147,7.47265469159549,5,0,0.0,0.0
53-5,2,276.94847898908864,276.94847898908864,0.0,2,0,6.0,0.0,2,270.89239082396585,270.89239082396585,5.3833685969594046e-14,2,0,0.0,0.0
53-6,2,223.31072720753536,223.31072720753534,3.456905340452833e-14,2,0,2.0,0.0,2,223.6753681238951,223.6753681238951,0.0,2,0,0.0,0.0
53-7,2,133.8266005109248,133.8266005109248,13.037428484016111,4,0,6.0,0.0,2,134.41734050304092,134.41734050304092,12.667781491573525,4,0,0.0,0.0
53-8,2,74.36960421137086,74.36960421137086,6.787425033434409,4,0,4.0,0.0,2,74.27478300370717,74.27478300370717,6.682181168313965,4,0,0.0,0.0
53-9,2,127.97733782389257,127.97733782389257,0.0,2,0,3.0,0.0,2,126.187988805232,126.187988805232,0.0,2,0,0.0,0.0
53-10,2,141.06737494140285,141.06737494140285,28.27952182821084,3,0,5.0,0.0,2,143.19520179406115,143.19520179406115,25.7756186396224,3,0,0.0,1.0
53-11,2,413.5206054540067,413.5206054540068,37.90009059049589,4,0,6.0,0.0,2,418.1201189055197,418.1201189055197,37.59534530089368,4,0,0.0,0.0
53-12,2,137.00541334234248,137.00541334234248,5.613559405821006,3,0,3.0,0.0,2,137.6222495433199,137.62224954331992,5.759786309017733,3,0,0.0,0.0
53-13,2,266.0935447076993,266.0935447076993,4.125349802981391e-14,2,0,2.0,0.0,2,269.8155929065798,269.8155929065798,4.168715814060182e-14,2,0,0.0,0.0
53-14,2,69.37942393564653,69.37942393564651,14.272146613189621,4,0,6.0,0.0,2,69.65668889718214,69.65668889718214,13.330748167051675,4,0,0.0,0.0
53-15,2,79.82355966273028,79.82355966273028,4.5427859974581635,6,0,6.0,0.0,2,80.25966104590881,80.25966104590881,4.713780640275739,6,0,0.0,0.0
53-16,2,194.5166985127804,194.5166985127804,5.931188492909454,4,0,5.0,0.0,2,194.59586475614086,194.59586475614086,6.039747477996978,4,0,0.0,0.0
53-17,2,343.52066667901033,343.52066667901033,0.0,2,0,2.0,0.0,2,354.4187467901999,354.4187467901999,0.0,2,0,0.0,0.0
53-18,2,727.5241677446138,727.5241677446138,8.900635759155308e-14,2,0,6.0,0.0,2,721.2611509100678,721.2611509100678,0.0,2,0,0.0,0.0
53-19,2,341.9234174264915,341.9234174264915,5.354834556206649e-14,2,0,5.0,0.0,2,343.7860764386077,343.7860764386077,0.0,2,0,0.0,0.0
53-20,2,120.38508152187606,120.38508152187606,0.0,2,0,2.0,0.0,2,120.59529349052116,120.59529349052116,0.0,2,0,0.0,0.0
53-21,2,89.2909457500074,89.2909457500074,0.0,2,0,2.0,0.0,2,89.26730491558898,89.26730491558898,0.0,2,0,0.0,0.0
54-1,2,6.3530294124660225,6.353029412466023,1.395765771481752,6,0,6.0,0.0,2,6.344404804660113,6.344404804660112,1.3714136147867897,6,0,0.0,0.0
54-2,2,13.858102927359822,13.858102927359822,1.500244902063687,10,0,10.0,0.0,2,13.86266294857882,13.86266294857882,1.4950616039212268,10,0,0.0,0.0
54-3,2,12.627014047897347,12.627014047897347,1.6875131011602902,6,0,6.0,0.0,2,12.909246164869893,12.909246164869893,1.5629386448495486,7,0,0.0,0.0
54-4,2,15.923894188612492,15.92389418861249,1.4588311776241956,6,0,6.0,0.0,2,16.074074507126774,16.074074507126774,1.5082724944366392,6,0,0.0,0.0
54-5,2,13.394351259003916,13.394351259003914,3.146027053012674,20,0,21.0,0.0,2,13.081260898104059,13.081260898104063,2.5861472678106994,21,0,0.0,0.0
54-6,2,0.5186781677365756,0.5186781677365756,0.0,2,0,10.0,0.0,2,0.45020421605988314,0.45020421605988314,0.0,2,0,0.0,0.0
54-7,2,12.860808073409256,12.860808073409254,0.3129324298416034,4,0,4.0,0.0,2,12.83365120165884,12.833651201658842,0.30711446366642264,4,0,0.0,0.0
54-8,2,22.089444560557904,22.089444560557904,1.7060974323271503,3,0,6.0,0.0,2,21.735918460371433,21.735918460371433,0.8105465695347388,3,0,0.0,0.0
55-1,2,2.8553481518747366,2.855348151874737,0.039359255239532404,5,0,5.0,0.0,2,2.842262740414518,2.8422627404145175,0.0335857882731726,5,0,0.0,0.0
55-2,2,3.882749436449319,3.882749436449319,0.07215238875307048,6,0,6.0,0.0,2,3.9129844810872285,3.912984481087228,0.08509850738528674,6,0,0.0,0.0
55-3,2,7.549264660536161,7.54926466053616,0.45320816142930564,3,0,6.0,0.0,2,7.610561096384204,7.610561096384204,0.45192545160269554,3,0,0.0,0.0
55-4,2,11.068948656138812,11.068948656138812,2.220446049250313e-15,2,0,6.0,0.0,2,11.04890016398296,11.04890016398296,0.0,2,0,0.0,0.0
55-5,2,8.523027601254872,8.52302760125487,0.19642642305981817,3,0,6.0,0.0,2,8.7457041919173,8.745704191917302,0.3112704796895947,3,0,0.0,0.0
55-6,2,4.074683208742168,4.074683208742169,0.11950446559561591,5,0,6.0,0.0,2,4.074018378310311,4.074018378310312,0.11499973170958669,5,0,0.0,0.0
55-7,2,13.623734649493134,13.623734649493134,2.220446049250313e-15,2,0,8.0,0.0,2,13.193711875865212,13.193711875865212,0.0,2,0,0.0,0.0
55-8,2,11.79982076782779,11.79982076782779,0.0,2,0,5.0,0.0,2,12.84395581979395,12.84395581979395,0.0,2,0,0.0,0.0
55-9,2,11.318722796401651,11.318722796401651,0.40309842664998496,6,0,7.0,0.0,2,11.220823870748667,11.220823870748669,0.3636100530859885,6,0,0.0,0.0
55-10,2,25.857274324345763,25.85727432434576,2.2846705209890072,3,0,4.0,0.0,2,27.77763474656004,27.77763474656004,0.0,2,0,0.0,0.0
55-11,2,18.113341603231405,18.1133416032314,1.0407554594579678,3,0,4.0,0.0,2,17.10449937777483,17.10449937777483,0.46227061394787605,3,0,0.0,0.0
55-12,2,4.332190431249319,4.332190431249319,0.14636977925433173,7,0,7.0,0.0,2,4.656962939610585,4.656962939610585,0.16875141087786236,6,0,0.0,0.0
55-13,2,8.719298245143664,8.719298245143662,0.13261039154136714,3,0,5.0,0.0,2,8.897234581869766,8.897234581869766,0.33589557218758315,3,0,0.0,0.0
55-14,2,13.163440010961363,13.163440010961363,2.220446049250313e-15,2,0,5.0,0.0,2,12.657611757578744,12.657611757578744,0.0,2,0,0.0,0.0
55-15,2,23.889218447959095,23.889218447959095,0.0,2,0,7.0,0.0,2,25.626748669695054,25.626748669695054,0.0,2,0,0.0,0.0
55-16,2,7.91114877671964,7.91114877671964,0.0,2,0,8.0,0.0,2,8.64699555891629,8.646995558916288,2.4903220920495125e-15,2,0,0.0,0.0
56-1,3,368.4136148790474,368.4136148790474,7.105427357601002e-14,2,0,2.0,0.0,2,368.4136148790474,368.4136148790474,7.105427357601002e-14,2,0,0.0,1.0
56-2,1,6.772884790370315,6.772884790370316,0.12085229938565124,7,0,7.0,0.0,1,6.792552524508921,6.792552524508921,0.12034250501691475,7,0,0.0,0.0
56-3,1,10.992223208009065,10.992223208009065,1.6529100938308027e-15,2,0,8.0,0.0,1,11.10968450476623,11.10968450476623,0.0,2,0,0.0,1.0
56-4,1,4.332964851466168,4.332964851466168,0.5937227610774639,4,0,7.0,0.0,1,4.342277786446682,4.342277786446681,0.5892843512432081,4,0,0.0,0.0
57-1,1,22.56301975546929,22.56301975546929,0.0,2,0,4.0,0.0,1,24.24536866924489,24.24536866924489,0.0,2,0,0.0,0.0
57-2,1,33.57401995125979,33.57401995125979,4.34317075647983e-15,2,0,2.0,0.0,1,33.491650415965424,33.49165041596542,8.642611106620498e-15,2,0,0.0,0.0
57-3,1,29.773970109010577,29.773970109010577,0.0,2,0,2.0,0.0,1,29.537100414963337,29.537100414963334,0.6341983882710787,3,0,0.0,0.0
57-4,1,18.36843464899913,18.36843464899913,0.0,2,0,5.0,0.0,1,18.40642893199861,18.40642893199861,0.0,2,0,0.0,0.0
57-5,1,12.72784002178101,12.72784002178101,0.3739055726921844,4,0,4.0,0.0,1,12.97096051263504,12.97096051263504,0.41690062147025353,4,0,0.0,0.0
57-6,1,33.92697842334222,33.92697842334222,0.0,2,0,5.0,0.0,1,33.48615576107074,33.486155761070734,8.525010049296273e-15,2,0,0.0,0.0
57-7,1,6.988478903191366,6.988478903191366,0.0,2,0,6.0,0.0,1,6.935156456750771,6.935156456750771,0.0,2,0,0.0,0.0
57-8,1,19.817630193482966,19.817630193482966,0.0,2,0,4.0,0.0,1,18.98310392981199,18.98310392981199,2.1615090909572654e-15,2,0,0.0,0.0
57-9,1,18.68764713154588,18.68764713154588,0.0,2,0,5.0,0.0,1,18.59783949972844,18.59783949972844,2.14254007643728e-15,2,0,0.0,0.0
57-10,1,37.663962110148574,37.663962110148574,0.0,2,0,4.0,0.0,1,38.65900716789182,38.659007167891815,9.072025888993544e-15,2,0,0.0,0.0
57-11,1,30.701134573253945,30.701134573253945,0.0,2,0,6.0,0.0,1,30.14291864313154,30.14291864313154,0.0,2,0,0.0,0.0
57-12,1,29.48145859750432,29.48145859750432,3.564862730987707e-15,2,0,2.0,0.0,1,31.083159069804598,31.08315906980459,7.490360089271663e-15,2,0,0.0,0.0
57-13,1,50.74333824460661,50.74333824460661,0.0,2,0,2.0,0.0,1,53.01430743325128,53.01430743325128,0.0,2,0,0.0,0.0
57-14,1,38.04271023207554,38.04271023207554,0.0,2,0,2.0,0.0,1,37.847575437600504,37.847575437600504,0.0,2,0,0.0,0.0
57-15,1,30.935299670280163,30.935299670280163,0.0,2,0,3.0,0.0,1,31.20667787721474,31.20667787721474,3.6362065962687895e-15,2,0,0.0,0.0
57-16,1,7.8617669514930215,7.8617669514930215,0.0,2,0,7.0,0.0,1,7.600394369140018,7.600394369140018,1.1301689686858804e-15,2,0,0.0,0.0
57-17,1,4.3493273978776426,4.3493273978776426,0.0,2,0,7.0,0.0,1,4.442733957645521,4.442733957645521,5.335051850150517e-16,2,0,0.0,0.0
57-18,1,12.84356509157483,12.84356509157483,0.0,2,0,7.0,0.0,1,13.119871836682266,13.119871836682265,2.2993915904525488e-15,2,0,0.0,0.0
58-1,2,2.5460582571706256,2.5460582571706256,0.14641291547257226,5,0,7.0,0.0,2,2.4265524613192477,2.4265524613192477,0.11775724973289638,5,0,0.0,0.0
58-2,2,2.737950751386158,2.7379507513861583,0.14414097430582007,5,0,7.0,0.0,2,2.6245745707346737,2.6245745707346737,0.1369965654256413,5,0,0.0,0.0
58-3,2,3.0398590704471338,3.039859070447134,0.06608203902890461,5,0,7.0,0.0,2,3.052122719036757,3.052122719036757,0.07461247552444329,5,0,0.0,0.0
59-1,2,42.896883305519175,42.89688330551918,0.7747804836947103,3,0,7.0,0.0,2,46.019609870438885,46.019609870438885,2.04437057242132,3,0,0.0,0.0
59-2,2,6.462744483720159,6.462744483720158,1.667826442415678,5,0,12.0,0.0,2,11.500923568244202,11.500923568244204,0.9421160297271484,5,0,0.0,0.0
59-3,2,2.785335503432877,2.7853355034328766,0.08660041310573931,13,0,13.0,0.0,2,3.047619318194061,3.0476193181940605,0.062434699484194875,10,0,0.0,0.0
59-4,2,2.365350425172707,2.365350425172707,0.26543190874620365,6,0,14.0,0.0,2,2.423381021235511,2.423381021235511,0.29455069934011735,6,0,0.0,0.0
59-5,2,0.09885010865923484,0.09885010865923485,0.0032898179615757114,12,0,17.0,0.0,2,0.09825935350809964,0.09825935350809964,0.003436587206727995,12,0,0.0,0.0
59-6,2,18.990392519538524,18.990392519538524,0.0,2,0,2.0,0.0,2,18.420680743952367,18.420680743952367,0.0,2,0,0.0,0.0
59-7,2,7.982777058596065,7.982777058596065,0.08099335652648451,10,0,14.0,0.0,2,8.032059404408573,8.032059404408573,0.0750642476722579,9,0,0.0,0.0
59-8,2,0.09594104554141858,0.09594104554141858,0.0,2,0,2.0,0.0,2,0.09594104554141858,0.09594104554141858,0.0,2,0,0.0,0.0
59-9,2,8.143537022083274,8.143537022083274,0.0,2,0,2.0,0.0,2,8.143537022083274,8.143537022083274,0.0,2,0,0.0,0.0
59-10,2,15.61194122072969,15.61194122072969,0.0,2,0,9.0,0.0,2,15.900712105642695,15.900712105642695,0.0,2,0,0.0,0.0
59-11,2,0.3411237174805994,0.3411237174805994,0.0,2,0,2.0,0.0,2,0.3411237174805994,0.3411237174805994,0.0,2,0,0.0,0.0
59-12,3,29.23696395821657,29.236963958216567,4.221228228704664,6,0,6.0,0.0,2,29.104017301839345,29.104017301839345,4.188834711783824,6,0,0.0,0.0
59-13,2,13.180162360140768,13.180162360140768,1.5516359337853793e-15,2,0,13.0,0.0,2,14.641478161374488,14.641478161374488,0.00040300075654719255,2,0,0.0,0.0
59-14,2,29.78116087329632,29.78116087329632,3.005194079833834,3,0,3.0,0.0,2,31.35732397313061,31.357323973130615,3.5866524024920277,3,0,0.0,0.0
59-15,2,14.625102938755564,14.625102938755564,1.6262811941709165,3,0,14.0,0.0,2,15.064086568045788,15.064086568045788,1.6027146056343093,3,0,0.0,0.0
59-16,2,9.048158133422788,9.048158133422788,0.4053805596812482,5,0,14.0,0.0,2,9.267564041174232,9.267564041174232,0.43373253415460633,5,0,0.0,0.0
59-17,2,0.6117047467019826,0.6117047467019827,0.03570485502067071,7,0,14.0,0.0,2,0.628147016301422,0.628147016301422,0.04174841441128134,7,0,0.0,0.0
59-18,2,13.55326440712239,13.553264407122388,0.866550177089166,4,0,4.0,0.0,2,13.476958695584207,13.476958695584205,0.12004587238476579,3,0,0.0,0.0
59-19,2,12.08304925606366,12.08304925606366,0.4533240628740186,3,0,13.0,0.0,2,11.867343336019616,11.867343336019616,0.39490661333340144,3,0,0.0,0.0
59-20,2,0.21130244508404963,0.2113024450840496,0.010471269539545159,6,0,12.0,0.0,2,0.21564639966241816,0.21564639966241816,0.01225831962897491,6,0,0.0,0.0
59-21,1,53.4339640036694,53.43396400366941,1.5593703131343915,5,0,5.0,0.0,0,54.73813204,54.73813204,0.0,0,0,0.0,0.0
60-1,2,94.79870374183308,94.7987037418331,13.023882581415391,4,0,4.0,0.0,2,89.94331172337037,89.94331172337039,3.556713818224047,4,0,0.0,0.0
60-2,2,25.377286436063105,25.377286436063102,0.7461264456121802,5,0,5.0,0.0,2,26.664480127598445,26.66448012759845,0.6279635267337103,4,0,0.0,0.0
60-3,2,22.361385857405338,22.361385857405338,1.035941676259181,5,0,5.0,0.0,2,22.38672565627958,22.38672565627958,1.066085004712507,5,0,0.0,0.0
60-4,2,34.52653026620688,34.52653026620688,0.0,2,0,2.0,0.0,2,35.31701628172071,35.31701628172071,4.545596017357841e-15,2,0,0.0,0.0
60-5,2,14.81800447112056,14.81800447112056,1.0999329574452412,4,0,4.0,0.0,2,14.906139876202657,14.906139876202657,1.091731394857087,4,0,0.0,0.0
60-6,2,216.48726971253282,216.48726971253285,11.054272132554223,4,0,4.0,0.0,2,219.3289757919207,219.32897579192067,9.895131297958557,4,0,0.0,0.0
60-7,2,57.003311765279086,57.00331176527909,1.8949443918444697,5,0,5.0,0.0,2,57.75213947712657,57.75213947712656,1.891285387512309,5,0,0.0,0.0
60-8,2,114.90565015778245,114.90565015778245,2.5775923029045824,4,0,6.0,0.0,2,115.13681718615227,115.13681718615226,4.160891138356195,4,0,0.0,0.0
60-9,2,23.700310533706467,23.700310533706464,0.9789640332439071,4,0,5.0,0.0,2,23.995332671880693,23.99533267188069,0.9658169630341932,4,0,0.0,0.0
60-10,2,26.892949147771034,26.892949147771034,2.465467767804993,3,0,6.0,0.0,2,29.659479339582646,29.659479339582646,2.803631664285669,3,0,0.0,0.0
60-11,2,4.110676851317861,4.110676851317861,0.216202922913502,4,0,4.0,0.0,2,4.13583042755039,4.13583042755039,0.21946356011747434,4,0,0.0,0.0
60-12,2,2.1470159686843955,2.147015968684395,0.2103209083666541,3,0,3.0,0.0,2,2.1592319122673076,2.159231912267308,0.23521144923305823,3,0,0.0,0.0
60-13,2,326.48578551686086,326.48578551686086,0.0,2,0,3.0,0.0,2,304.3822943132509,304.3822943132509,0.0,2,0,0.0,0.0
60-14,2,3.9551417658182872,3.9551417658182872,0.03647847984943086,3,0,3.0,0.0,2,3.935344540600358,3.9353445406003584,0.003979518808020188,3,0,0.0,0.0
61-1,2,7.500640737696708,7.500640737696708,0.5840464264608026,12,0,12.0,0.0,2,7.508820859840055,7.508820859840055,0.5847644168076949,12,0,0.0,0.0
61-2,2,0.3453592305323695,0.3453592305323695,0.013887280433123279,12,0,12.0,0.0,2,0.34477255251962824,0.34477255251962824,0.014550696030458346,12,0,0.0,0.0
61-3,2,11.771061773435841,11.771061773435841,1.1425623289093343,9,0,9.0,0.0,2,11.91887453394585,11.91887453394585,1.1263259795490048,7,0,0.0,0.0
61-4,2,8.824555883864617,8.824555883864619,0.30628273233769093,5,0,5.0,0.0,2,8.4215094257314,8.421509425731399,0.38325630552360573,8,0,0.0,0.0
61-5,2,7.6155701876475765,7.615570187647577,0.48534944753536474,18,0,18.0,0.0,2,7.553430241759192,7.553430241759191,0.47807306748535694,18,0,0.0,0.0
61-6,2,7.338113059956647,7.338113059956646,0.5775974351588266,8,0,13.0,0.0,2,7.234593179692961,7.23459317969296,0.6681349897580383,7,0,0.0,0.0
61-7,2,0.40110357805884295,0.40110357805884295,0.03785659874239663,7,0,7.0,0.0,2,0.4091392777444617,0.4091392777444617,0.0355865530988604,10,0,0.0,0.0
61-8,2,2.1817469128133173,2.181746912813317,0.41739284337906607,6,0,10.0,0.0,2,2.261371511133525,2.261371511133525,0.4727083883154844,7,0,0.0,0.0
61-9,2,10.463316605522255,10.463316605522255,0.7141403543357778,6,0,7.0,0.0,2,9.850838220852223,9.850838220852225,0.5444200385971512,7,0,0.0,0.0
61-10,2,8.824555883864617,8.824555883864619,0.30628273233769093,5,0,5.0,0.0,2,8.837665976510168,8.83766597651017,0.2983096410919139,5,0,0.0,0.0
61-11,2,8.435442184652647,8.435442184652647,0.3402939276198376,6,0,6.0,0.0,2,8.446945768188424,8.446945768188424,0.33507101002217093,6,0,0.0,0.0
61-12,2,9.000996920309435,9.000996920309435,0.2806122989477789,5,0,5.0,0.0,2,8.993161765703979,8.993161765703977,0.2881174802404092,5,0,0.0,0.0
61-13,2,8.50130794023911,8.50130794023911,0.5877006674623719,3,0,6.0,0.0,2,8.434484548670877,8.434484548670879,0.5692167943888238,3,0,0.0,0.0
61-14,2,3.650986388274682,3.6509863882746822,0.45344068112766395,6,0,6.0,0.0,2,3.6476446111294463,3.6476446111294463,0.45394049178541057,6,0,0.0,0.0
61-15,2,6.396031212295207,6.396031212295207,0.28580712024313837,3,0,4.0,0.0,2,6.333178953223076,6.333178953223076,0.2675405050913655,3,0,0.0,0.0
62-1,2,5.186741687168651,5.186741687168651,0.22668176731570788,3,0,5.0,0.0,2,4.950917355417129,4.950917355417129,0.19205907714942527,3,0,0.0,0.0
62-2,2,7.018342275383671,7.018342275383672,0.24277642677738145,6,0,6.0,0.0,2,6.799838133523854,6.7998381335238545,0.2326566489851053,6,0,0.0,0.0
62-3,2,9.233857778192382,9.233857778192382,0.49314017099972507,3,0,5.0,0.0,2,9.143667745499085,9.143667745499085,0.5221839986407385,3,0,0.0,0.0
62-4,2,8.89023939287504,8.89023939287504,0.2620088495016299,5,0,5.0,0.0,2,8.586218115025893,8.586218115025893,0.26053325001130245,5,0,0.0,0.0
62-5,2,15.854551913321568,15.854551913321568,0.7025835544053304,6,0,7.0,0.0,2,15.543477034322274,15.543477034322272,0.6736579085828773,6,0,0.0,0.0
62-6,2,2.2938834918856954,2.2938834918856954,0.20651179904175215,3,0,7.0,0.0,2,2.256519411670294,2.2565194116702934,0.20256365131766862,3,0,0.0,0.0
62-7,2,34.94206016198082,34.94206016198082,1.6273840003841178,4,0,5.0,0.0,2,34.02485620679526,34.024856206795256,1.5821639268616534,4,0,0.0,0.0
63-1,2,176.3317944134738,176.3317944134738,5.4460555402041155,4,0,6.0,0.0,2,173.60857670962844,173.60857670962844,4.6840056866209725,4,0,0.0,0.0
63-2,2,39.65439091435882,39.654390914358814,3.2259462606300056,3,0,5.0,0.0,2,39.810931227876594,39.810931227876594,2.497982438631177,3,0,0.0,0.0
63-3,2,23.733683269278092,23.733683269278092,0.0,2,0,5.0,0.0,2,24.857998342074584,24.857998342074584,0.0,2,0,0.0,0.0
63-4,2,20.783342087036967,20.783342087036967,0.0,2,0,4.0,0.0,2,20.708445014084788,20.708445014084788,0.0,2,0,0.0,0.0
63-5,2,71.42719500791299,71.42719500791299,5.647501548879925,4,0,5.0,0.0,2,71.717730358187,71.717730358187,5.416260166890363,4,0,0.0,0.0
63-6,2,27.451434178292498,27.4514341782925,0.9822256061705854,3,0,4.0,0.0,2,26.791593980710456,26.791593980710456,1.3080959878652842,3,0,0.0,0.0
63-7,2,16.205378477667914,16.205378477667914,0.1943382688720308,3,0,5.0,0.0,2,15.928731601418477,15.928731601418475,0.07243391962238084,3,0,0.0,0.0
63-8,2,21.5897747542585,21.5897747542585,0.6933463601159663,5,0,5.0,0.0,2,21.043648035112817,21.043648035112813,0.659638587239191,5,0,0.0,0.0
63-9,2,1.2369416017432446,1.2369416017432446,2.249452540115761e-16,2,0,4.0,0.0,2,1.323305937071128,1.3233059370711275,4.453345116268841e-16,2,0,0.0,0.0
63-10,2,3.736221630115882,3.736221630115882,0.0741872656761277,5,0,6.0,0.0,2,3.730250692573633,3.730250692573633,0.06463297023566102,5,0,0.0,0.0
63-11,2,3.1696672222170545,3.1696672222170545,0.13275107064239577,5,0,6.0,0.0,2,3.148524061258776,3.148524061258775,0.12974032928692758,5,0,0.0,0.0
63-12,2,2.026902431564548,2.026902431564548,0.022624871824704525,3,0,6.0,0.0,2,2.022970647034479,2.022970647034479,0.01583677054885671,3,0,0.0,0.0
63-13,2,33.35496284280209,33.35496284280209,2.5173457770649286,6,0,6.0,0.0,2,33.60650059132337,33.60650059132337,0.9673040987703163,4,0,0.0,0.0
63-14,2,7.6921091631235505,7.692109163123551,0.15882213743529575,3,0,5.0,0.0,2,7.588221891930651,7.588221891930652,0.22554363615126952,3,0,0.0,0.0
63-15,2,11.342587920325832,11.342587920325832,0.44928891706905,5,0,5.0,0.0,2,10.314362082393814,10.314362082393814,0.2619879178720859,4,0,0.0,0.0
63-16,2,10.24696332548348,10.246963325483481,0.2550080720400706,5,0,5.0,0.0,2,10.012691019539215,10.012691019539215,0.24549985102416755,5,0,0.0,0.0
63-17,2,8.081022975448777,8.081022975448777,0.0,2,0,2.0,0.0,2,8.379600103729148,8.379600103729148,0.0,2,0,0.0,0.0
63-18,2,6.5769693638064695,6.5769693638064695,0.3991153417145435,4,0,5.0,0.0,2,6.532408779909964,6.532408779909965,0.4519125909188241,4,0,0.0,0.0
63-19,2,8.625953860915118,8.625953860915118,0.32675734656683597,3,0,5.0,0.0,2,8.420477986531836,8.420477986531836,0.35867143371538923,3,0,0.0,0.0
63-20,2,7.642868855960431,7.642868855960431,0.03726396349455616,3,0,5.0,0.0,2,7.514825610666336,7.514825610666335,0.07897403704777749,3,0,0.0,0.0
64-1,2,328.8791678103432,328.8791678103431,34.617209464957455,6,0,6.0,0.0,2,271.0981514715184,271.0981514715184,34.920912804356675,6,0,0.0,0.0
64-2,2,28.442462208984843,28.442462208984843,0.8289089197457534,6,0,7.0,0.0,2,27.54636972770039,27.546369727700387,0.9859615094559905,6,0,0.0,0.0
64-3,2,5.926972487998855,5.926972487998855,0.39460718140680034,6,0,6.0,0.0,2,5.833818448426578,5.833818448426577,0.40743773917440457,6,0,0.0,0.0
65-1,2,1.604113460982219,1.604113460982219,0.2147168114396253,3,0,3.0,0.0,3,1.6852064826038518,1.6852064826038518,0.18604609869184335,3,0,0.0,0.0
66-1,2,13.804635334481146,13.804635334481144,1.3435699782563386,20,0,20.0,0.0,2,13.916434445351843,13.916434445351843,1.3085408192030703,21,0,0.0,0.0
67-1,2,6.579938897549019,6.5799388975490185,0.1543048612345427,11,0,12.0,0.0,2,6.6319716522426955,6.6319716522426955,0.24379108296377675,6,0,0.0,0.0
68-1,2,218.5720930536295,218.5720930536295,0.0,2,0,4.0,0.0,2,218.5720930536295,218.5720930536295,0.0,2,0,0.0,0.0
68-2,2,187.56997178145167,187.56997178145164,3.947459643111667e-14,2,0,4.0,0.0,2,187.56997178145167,187.56997178145164,3.947459643111667e-14,2,0,0.0,0.0
68-3,2,167.65812880406338,167.65812880406338,1.9032394707859825e-14,2,0,4.0,0.0,2,167.65812880406338,167.65812880406338,1.9032394707859825e-14,2,0,0.0,0.0
68-4,2,141.37925914268317,141.37925914268317,0.0,2,0,4.0,0.0,2,141.37925914268317,141.37925914268317,0.0,2,0,0.0,0.0
68-5,2,64.44741932963176,64.44741932963176,4.122402425873326,5,0,0.0,0.0,2,66.01040332688983,66.01040332688984,4.643704037643516,3,0,0.0,0.0
68-6,2,51.16149955318797,51.16149955318797,0.0,2,0,2.0,0.0,2,51.16149955318797,51.16149955318797,0.0,2,0,0.0,0.0
68-7,2,93.09054353779402,93.09054353779402,0.0,2,0,2.0,0.0,2,93.09054353779402,93.09054353779402,0.0,2,0,0.0,0.0
69-1,0,3.106203932629978,3.106203932629978,0.0,0,0,0.0,0.0,0,-3.233845602023,-3.233845602023,0.0,0,0,0.0,0.0
69-2,0,7.320199860790245,7.320199860790245,0.0,0,0,0.0,0.0,0,-7.753325457484,-7.753325457484,0.0,0,0,0.0,0.0
69-3,0,34.54903857561566,34.54903857561566,0.0,0,0,0.0,0.0,0,-36.217223188192,-36.217223188192,0.0,0,0,0.0,0.0
69-4,0,57.23062931578159,57.23062931578159,0.0,0,0,0.0,0.0,0,-56.950815708281,-56.950815708281,0.0,0,0,0.0,0.0
69-5,0,30.069499620093477,30.069499620093477,0.0,0,0,0.0,0.0,0,-29.128216152024,-29.128216152024,0.0,0,0,0.0,0.0
69-6,0,29.95968873967417,29.95968873967417,0.0,0,0,0.0,0.0,0,-31.230277355732,-31.230277355732,0.0,0,0,0.0,0.0
69-7,0,2.378666834055625,2.378666834055625,0.0,0,0,0.0,0.0,0,-2.519776607065,-2.519776607065,0.0,0,0,0.0,0.0
69-8,0,12.152998340501718,12.152998340501718,0.0,0,0,0.0,0.0,0,-11.966436945834,-11.966436945834,0.0,0,0,0.0,0.0
69-9,0,109.90875991832436,109.90875991832436,0.0,0,0,0.0,0.0,0,-115.137740669716,-115.137740669716,0.0,0,0,0.0,0.0
69-10,0,48.8987631077255,48.8987631077255,0.0,0,0,0.0,0.0,0,-48.853227509939,-48.853227509939,0.0,0,0,0.0,0.0
69-11,0,381.56244187797483,381.56244187797483,0.0,0,0,0.0,0.0,0,-388.666901277332,-388.666901277332,0.0,0,0,0.0,0.0
71-1,2,14.188175528254508,14.188175528254508,2.220446049250313e-15,2,0,5.0,,2,13.0046175450924,13.0046175450924,0.0,2,0,0.0,0.0
71-2,2,7.235330683155263,7.235330683155263,1.1386902816668271e-15,2,0,3.0,,2,7.239958305136662,7.239958305136661,2.2528723750916844e-15,2,0,0.0,0.0
71-3,2,4.208494943681028,4.208494943681028,0.0,2,0,2.0,,2,3.6967641825692534,3.6967641825692534,0.0,2,0,0.0,0.0
71-4,2,3.393589369292096,3.393589369292096,0.0,2,0,2.0,,2,3.451409947181245,3.451409947181245,5.662453773291597e-16,2,0,0.0,0.0
71-5,2,27.94487770212209,27.94487770212209,0.0,2,0,7.0,,2,29.14985915705281,29.14985915705281,0.0,2,0,0.0,0.0
71-6,2,9.495285693236374,9.495285693236374,0.0,2,0,6.0,,2,9.314959234040698,9.314959234040698,1.8503717077085944e-15,2,0,0.0,0.0
71-7,2,5.992722571611798,5.992722571611798,0.0,2,0,5.0,,2,6.187469979819871,6.187469979819871,0.0,2,0,0.0,0.0
71-8,2,4.288728850476417,4.288728850476417,0.0,2,0,4.0,,2,4.1546024119351435,4.1546024119351435,0.002486894431416672,2,0,0.0,0.0
71-9,2,0.7822167405972689,0.7822167405972689,0.015594254802460206,6,0,7.0,,2,0.7822167405972689,0.7822167405972689,0.015594254802460206,6,0,0.0,0.0
71-10,2,0.621542859521323,0.621542859521323,0.017002619513312348,5,0,6.0,,2,0.621542859521323,0.621542859521323,0.017002619513312348,5,0,0.0,0.0
71-11,2,0.5947962629853287,0.5947962629853287,0.009045567097949372,6,0,7.0,,2,0.5947962629853287,0.5947962629853287,0.009045567097949372,6,0,0.0,0.0
71-12,2,0.366987809805136,0.36698780980513607,0.0034532529149265846,4,0,5.0,,2,0.3564069887095323,0.35640698870953225,0.003852387534387315,5,0,0.0,0.0
71-13,2,0.33783946772311,0.33783946772311,0.01064167528748514,3,0,4.0,,2,0.33783946772311,0.33783946772311,0.01064167528748514,3,0,0.0,0.0
72-1,1,3.5173709828478392,3.5173709828478383,0.09413885548965985,2,0,5.0,0.0,1,3.3921618349604437,3.3921618349604437,0.0,2,0,0.0,0.0
72-2,1,3.676694743935967,3.6766947439359665,0.08345913433982474,3,0,5.0,0.0,1,3.5786216881260393,3.578621688126039,0.05463276905253814,3,0,0.0,0.0
72-3,1,4.160330917650582,4.160330917650582,0.1381720006931993,5,0,5.0,0.0,1,4.116806243645671,4.116806243645671,0.07758553372543472,5,0,0.0,0.0
74-1,2,10.964690919019267,10.964690919019265,0.0,3,0,6.0,0.0,2,10.964690919019267,10.964690919019265,0.0,3,0,0.0,0.0
74-2,2,3.070113457325394,3.0701134573253936,1.0854490223434312,3,0,5.0,0.0,2,3.070113457325394,3.0701134573253936,1.0854490223434312,3,0,0.0,0.0
74-3,2,6.766798901751384,6.766798901751384,0.270691807535751,4,0,7.0,0.0,2,6.766798901751384,6.766798901751384,0.270691807535751,4,0,0.0,0.0
74-4,2,13.48676114353839,13.48676114353839,1.7080354225002407e-15,2,0,4.0,0.0,2,13.48676114353839,13.48676114353839,1.7080354225002407e-15,2,0,0.0,0.0
74-5,2,8.64276793025602,8.64276793025602,0.48647847674460204,3,0,3.0,0.0,2,8.64276793025602,8.64276793025602,0.48647847674460204,3,0,0.0,0.0
74-6,2,1.660061176683081,1.6600611766830808,0.16158702492169827,5,0,7.0,0.0,2,1.660061176683081,1.6600611766830808,0.16158702492169827,5,0,0.0,0.0
74-7,2,4.385876367607707,4.385876367607706,0.5662142043423107,4,0,4.0,0.0,2,4.385876367607707,4.385876367607706,0.5662142043423107,4,0,0.0,0.0
74-8,2,8.528092937014984,8.528092937014982,0.0,3,0,3.0,0.0,2,8.528092937014984,8.528092937014982,0.0,3,0,0.0,0.0
74-9,2,9.594104554141857,9.594104554141857,1.8503717077085944e-15,2,0,2.0,0.0,2,9.594104554141857,9.594104554141857,1.8503717077085944e-15,2,0,0.0,0.0
74-10,2,14.364569898347748,14.364569898347746,0.5357491029048914,3,0,3.0,0.0,2,14.364569898347748,14.364569898347746,0.5357491029048914,3,0,0.0,0.0
74-11,2,13.437823453293056,13.437823453293054,0.5011846446529631,3,0,3.0,0.0,2,13.437823453293056,13.437823453293054,0.5011846446529631,3,0,0.0,0.0
74-12,2,2.957365361153654,2.957365361153655,0.43398155134376715,4,0,6.0,0.0,2,3.070113457325394,3.0701134573253936,1.0854490223434312,3,0,0.0,0.0
74-13,2,1.6956345964638773,1.6956345964638775,0.33155697007035123,5,0,6.0,0.0,2,1.6956345964638773,1.6956345964638775,0.33155697007035123,5,0,0.0,0.0
74-14,2,5.039375566007323,5.039375566007323,0.0,2,0,3.0,0.0,2,5.039375566007323,5.039375566007323,0.0,2,0,0.0,0.0
74-15,2,1.4151907889807316,1.4151907889807314,0.17723332662167546,5,0,6.0,0.0,2,1.4151907889807316,1.4151907889807314,0.17723332662167546,5,0,0.0,0.0
74-16,2,3.809221873673135,3.8092218736731343,0.04019187588035596,3,0,4.0,0.0,2,3.809221873673135,3.8092218736731343,0.04019187588035596,3,0,0.0,0.0
74-17,2,3.830875167374932,3.8308751673749324,0.01747142622866569,4,0,9.0,0.0,2,3.830875167374932,3.8308751673749324,0.01747142622866569,4,0,0.0,0.0
74-18,2,53.726985503194385,53.726985503194385,5.427245111717156,3,0,4.0,0.0,2,53.726985503194385,53.726985503194385,5.427245111717156,3,0,0.0,0.0
74-19,2,14.195321985693731,14.195321985693731,0.0,2,0,2.0,0.0,2,14.195321985693731,14.195321985693731,0.0,2,0,0.0,0.0
74-20,2,8.223518189264444,8.223518189264444,2.2429892266911063e-15,3,0,3.0,0.0,2,8.223518189264444,8.223518189264444,2.2429892266911063e-15,3,0,0.0,0.0
74-21,2,18.790489584701074,18.790489584701074,0.7398439992496123,3,0,3.0,0.0,2,18.790489584701074,18.790489584701074,0.7398439992496123,3,0,0.0,0.0
74-22,2,9.350685424954133,9.350685424954131,0.8072529844460642,4,0,6.0,0.0,2,9.350685424954133,9.350685424954131,0.8072529844460642,4,0,0.0,0.0
74-23,2,12.0915789562758,12.0915789562758,0.0,2,0,3.0,0.0,2,12.0915789562758,12.0915789562758,0.0,2,0,0.0,0.0
74-24,2,4.801537739031123,4.801537739031124,0.6598307413529471,4,0,4.0,0.0,2,4.675410529759976,4.675410529759976,1.6530072452121336,3,0,0.0,0.0
74-25,2,5.478059065977266,5.478059065977266,0.5178907994747288,3,0,6.0,0.0,2,5.478059065977266,5.478059065977266,0.5178907994747288,3,0,0.0,0.0
74-26,2,9.280580715748066,9.280580715748068,0.5675582228687028,3,0,7.0,0.0,2,9.280580715748066,9.280580715748068,0.5675582228687028,3,0,0.0,0.0
74-27,2,4.149387850224303,4.149387850224303,0.053215096493543355,3,0,7.0,0.0,2,4.149387850224303,4.149387850224303,0.053215096493543355,3,0,0.0,0.0
74-28,2,2.189041462410793,2.189041462410793,0.7739430311845942,3,0,7.0,0.0,2,2.189041462410793,2.189041462410793,0.7739430311845942,3,0,0.0,0.0
74-29,2,2.006610102827055,2.006610102827055,0.25082626285338183,5,0,5.0,0.0,2,2.006610102827055,2.006610102827055,0.25082626285338183,5,0,0.0,0.0
74-30,2,2.8295976565211003,2.8295976565211007,0.9132487166811464,4,0,5.0,0.0,2,2.8295976565211003,2.8295976565211007,0.9132487166811464,4,0,0.0,0.0
74-31,2,6.375559813309057,6.3755598133090565,2.2541007889256366,3,0,6.0,0.0,2,6.375559813309057,6.3755598133090565,2.2541007889256366,3,0,0.0,0.0
74-32,2,4.420240577740306,4.420240577740305,0.020159337956152715,4,0,5.0,0.0,2,4.420240577740306,4.420240577740305,0.020159337956152715,4,0,0.0,0.0
74-33,2,5.610492635711971,5.61049263571197,1.9836086942545603,3,0,3.0,0.0,2,5.610492635711971,5.61049263571197,1.9836086942545603,3,0,0.0,0.0
74-34,2,1.469549983602027,1.4695499836020272,0.2873493740609711,5,0,6.0,0.0,2,1.469549983602027,1.4695499836020272,0.2873493740609711,5,0,0.0,0.0
74-35,2,0.6556505023554728,0.6556505023554726,0.2018362926053723,6,0,8.0,0.0,2,0.6556505023554728,0.6556505023554726,0.2018362926053723,6,0,0.0,0.0
74-36,2,5.0294934763565635,5.0294934763565635,0.0,2,0,5.0,0.0,2,5.0294934763565635,5.0294934763565635,0.0,2,0,0.0,0.0
74-37,2,1.653549258977887,1.653549258977887,0.13342018212822856,4,0,4.0,0.0,2,1.653549258977887,1.653549258977887,0.13342018212822856,4,0,0.0,1.0
74-38,2,7.062416016662239,7.0624160166622385,0.7927175201074677,3,0,5.0,0.0,2,7.062416016662239,7.0624160166622385,0.7927175201074677,3,0,0.0,0.0
74-39,2,12.792139405522475,12.792139405522473,2.467162276944792e-15,2,0,2.0,0.0,2,12.792139405522475,12.792139405522473,2.467162276944792e-15,3,0,0.0,0.0
74-40,2,16.341239202272526,16.341239202272526,1.1380444617808732,3,0,3.0,0.0,2,16.341239202272526,16.341239202272526,1.1380444617808732,3,0,0.0,0.0
74-41,2,3.8961754414666467,3.8961754414666467,0.0,2,0,2.0,0.0,2,3.8961754414666467,3.8961754414666467,0.0,2,0,0.0,0.0
74-42,2,10.466295877245662,10.466295877245662,0.0,2,0,2.0,0.0,2,10.466295877245662,10.466295877245662,0.0,2,0,0.0,0.0
74-43,2,7.145294433883391,7.145294433883391,0.6755097384452984,3,0,5.0,0.0,2,7.145294433883391,7.145294433883391,0.6755097384452984,3,0,0.0,0.0
74-44,2,2.741172729754816,2.741172729754816,0.8847096942848605,4,0,6.0,0.0,2,2.741172729754816,2.741172729754816,0.8847096942848605,4,0,0.0,0.0
74-45,2,4.048501262407114,4.048501262407114,0.357840337036296,3,0,5.0,0.0,2,4.048501262407114,4.048501262407114,0.357840337036296,3,0,0.0,0.0
74-46,2,16.37749538073188,16.37749538073188,1.0015733344741813,3,0,4.0,0.0,2,16.37749538073188,16.37749538073188,1.0015733344741813,3,0,0.0,0.0
74-47,2,8.46881898875819,8.468818988758189,0.7062147265564479,3,0,5.0,0.0,2,8.46881898875819,8.468818988758189,0.7062147265564479,3,0,0.0,0.0
74-48,2,1.802606240735127,1.802606240735127,0.0,2,0,3.0,0.0,2,1.802606240735127,1.802606240735127,0.0,2,0,0.0,0.0
75-1,3,2.2855331242038814,2.2855331242038814,3.552713678800501e-16,2,0,2.0,0.0,3,2.2855331242038814,2.2855331242038814,3.552713678800501e-16,2,0,0.0,0.0
75-2,1,2.2833314535055735,2.2833314535055735,0.0,2,0,2.0,0.0,1,2.2833314535055735,2.2833314535055735,0.0,2,0,0.0,1.0
75-3,2,1.1416657267527868,1.1416657267527868,0.0,2,0,2.0,0.0,2,1.1634125947990992,1.1634125947990992,0.0,2,0,0.0,1.0
75-4,2,2.860850642948605,2.860850642948605,0.0,2,0,2.0,0.0,2,2.860850642948605,2.860850642948605,0.0,2,0,0.0,1.0
75-5,2,1.1634125947990992,1.1634125947990992,0.0,2,0,2.0,0.0,2,1.1634125947990992,1.1634125947990992,0.0,2,0,0.0,1.0
75-6,1,5.298636070450615,5.298636070450615,0.0,2,0,2.0,0.0,1,5.298636070450615,5.298636070450615,0.0,2,0,0.0,1.0
75-7,2,1.1480378152642998,1.1480378152642998,0.0,2,0,2.0,0.0,2,1.1480378152642998,1.1480378152642998,0.0,2,0,0.0,1.0
75-8,2,0.0,0.0,0.0,2,0,2.0,0.0,1,4.983704630299026,4.983704630299026,1.0449157878825001e-15,2,0,0.0,1.0
75-9,2,1.00236332707509,1.00236332707509,1.1842378929335003e-16,2,0,2.0,0.0,2,1.00236332707509,1.00236332707509,1.1842378929335003e-16,2,0,0.0,0.0
75-10,3,2.2855331242038814,2.2855331242038814,3.552713678800501e-16,2,0,2.0,0.0,3,2.2855331242038814,2.2855331242038814,3.552713678800501e-16,2,0,0.0,0.0
75-11,3,0.6723735656556682,0.6723735656556682,8.881784197001253e-17,2,0,2.0,0.0,3,0.6723735656556682,0.6723735656556682,8.881784197001253e-17,2,0,0.0,0.0
75-12,1,0.747149660860233,0.7471496608602328,0.06442710997450449,3,0,4.0,0.0,1,0.747149660860233,0.7471496608602328,0.06442710997450449,3,0,0.0,0.0
75-13,1,19.860518406455125,19.860518406455125,2.3716379698267697e-15,2,0,2.0,0.0,1,19.860518406455125,19.860518406455125,2.3716379698267697e-15,2,0,0.0,0.0
75-14,1,2.7566465278556254,2.7566465278556254,0.0,2,0,2.0,0.0,1,2.7336560001096557,2.7336560001096557,0.0,2,0,0.0,0.0
75-15,1,1.4540640154919624,1.4540640154919624,0.0,2,0,2.0,0.0,1,1.4540640154919624,1.4540640154919624,0.0,2,0,0.0,0.0
75-16,1,3.950834167442915,3.950834167442915,0.0,2,0,2.0,0.0,1,3.950834167442915,3.950834167442915,0.0,2,0,0.0,0.0
75-17,1,1.771575100694823,1.771575100694823,0.0,2,0,2.0,0.0,1,1.771575100694823,1.771575100694823,0.0,2,0,0.0,1.0
75-18,1,51.72150909123842,51.72150909123842,0.0,2,0,2.0,0.0,1,50.12440786039257,50.124407860392566,1.1251666441173398e-14,2,0,0.0,1.0
75-19,2,1.9020630155919496,1.9020630155919496,0.0,2,0,2.0,0.0,2,1.9020630155919496,1.9020630155919496,0.0,2,0,0.0,1.0
75-20,2,21.086803327348665,21.086803327348665,0.0,2,0,2.0,0.0,2,21.086803327348665,21.086803327348665,0.0,2,0,0.0,1.0
75-21,1,7.679877014769011,7.679877014769011,0.0,2,0,2.0,0.0,1,7.666187828166424,7.666187828166424,1.1838432785073313e-15,2,0,0.0,0.0
75-22,1,1.638093279712292,1.638093279712292,0.0,2,0,2.0,0.0,1,1.638093279712292,1.638093279712292,0.0,2,0,0.0,0.0
75-23,1,0.5083737764624353,0.5083737764624352,1.8376105235174997e-16,2,0,2.0,0.0,1,0.5083737764624353,0.5083737764624352,1.8376105235174997e-16,2,0,0.0,0.0
75-24,1,2.3649465794853337,2.3649465794853337,0.0,2,0,2.0,0.0,1,2.3649465794853337,2.3649465794853337,0.0,2,0,0.0,0.0
75-25,1,1.034914632876118,1.034914632876118,1.1961998918520207e-16,2,0,2.0,0.0,1,1.034914632876118,1.034914632876118,1.1961998918520207e-16,2,0,0.0,0.0
75-26,2,1.0938218950210457,1.0938218950210454,4.674623261579605e-16,2,0,2.0,0.0,2,1.0938218950210457,1.0938218950210454,4.674623261579605e-16,2,0,0.0,0.0
75-27,1,0.8743520544542308,0.8743520544542306,2.9001744316738776e-16,2,0,2.0,0.0,1,0.8743520544542308,0.8743520544542306,2.9001744316738776e-16,2,0,0.0,0.0
75-28,3,1.0470827524818433,1.0470827524818433,0.0,2,0,2.0,0.0,3,1.0470827524818433,1.0470827524818433,0.0,2,0,0.0,0.0
75-29,3,0.7714993041376232,0.7714993041376232,0.0,2,0,2.0,0.0,3,0.7714993041376232,0.7714993041376232,0.0,2,0,0.0,0.0
75-30,3,0.24523932762367595,0.24523932762367595,0.0,2,0,2.0,0.0,3,0.24523932762367595,0.24523932762367595,0.0,2,0,0.0,0.0
75-31,3,0.6274527672167387,0.6274527672167387,8.881784197001253e-17,2,0,2.0,0.0,3,0.6274527672167387,0.6274527672167387,8.881784197001253e-17,2,0,0.0,0.0
75-32,3,0.7024102389107777,0.7024102389107777,8.881784197001253e-17,2,0,2.0,0.0,3,0.7024102389107777,0.7024102389107777,8.881784197001253e-17,2,0,0.0,0.0
75-33,3,1.6393410334478558,1.6393410334478558,0.0,2,0,2.0,0.0,3,1.6393410334478558,1.6393410334478558,0.0,2,0,0.0,0.0
75-34,1,5.007356593823176,5.007356593823176,0.0,2,0,2.0,0.0,1,5.007356593823176,5.007356593823176,0.0,2,0,0.0,0.0
75-35,1,1.405573780722295,1.405573780722295,0.0,2,0,2.0,0.0,1,1.405573780722295,1.405573780722295,0.0,2,0,0.0,1.0
75-36,1,3.913457420853429,3.913457420853429,7.250436079184695e-16,2,0,2.0,0.0,1,3.913457420853429,3.913457420853429,7.250436079184695e-16,2,0,0.0,1.0
75-37,1,24.763120403140345,24.763120403140345,0.0,2,0,2.0,0.0,1,24.763120403140345,24.763120403140345,0.0,2,0,0.0,1.0
75-38,1,5.4494578024845035,5.4494578024845035,0.0,2,0,2.0,0.0,1,5.4494578024845035,5.4494578024845035,0.0,2,0,0.0,1.0
75-39,1,1.5569879435670009,1.5569879435670009,2.5376526277146434e-16,2,0,2.0,0.0,1,1.5569879435670009,1.5569879435670009,2.5376526277146434e-16,2,0,0.0,1.0
75-40,2,9.949092342952424,9.949092342952424,0.0,2,0,3.0,0.0,2,9.949092342952424,9.949092342952424,0.0,2,0,0.0,1.0
75-41,1,1.4088878928974853,1.4088878928974853,0.0,2,0,2.0,0.0,1,27.745653419450072,27.745653419450072,0.0,2,0,0.0,1.0
75-42,3,1.5880727678406714,1.5880727678406714,1.7763568394002506e-16,2,0,2.0,0.0,3,1.5880727678406714,1.5880727678406714,1.7763568394002506e-16,2,0,0.0,0.0
75-43,2,43.61590440387769,43.61590440387769,0.0,2,0,3.0,0.0,2,43.61590440387769,43.61590440387769,0.0,2,0,0.0,0.0
75-44,1,19.235024577811064,19.23502457781106,7.020017148955376e-15,2,0,3.0,0.0,1,19.235024577811064,19.23502457781106,7.020017148955376e-15,2,0,0.0,0.0
75-45,1,4.4430774759317595,4.4430774759317595,0.0,2,0,2.0,0.0,1,4.4430774759317595,4.4430774759317595,0.0,2,0,0.0,1.0
75-46,1,1.289925718818898,1.289925718818898,0.0,2,0,2.0,0.0,2,1.2496155401058073,1.2496155401058073,0.0,2,0,0.0,1.0
75-47,1,2.7081176703328556,2.7081176703328556,0.0,2,0,3.0,0.0,1,2.7081176703328556,2.7081176703328556,0.0,2,0,0.0,0.0
75-48,1,1.056410590996966,1.056410590996966,1.1961998918520207e-16,2,0,2.0,0.0,2,1.0253396912617612,1.0253396912617612,2.322035084183334e-16,2,0,0.0,0.0
75-49,1,3.9755810756629275,3.9755810756629275,0.0,2,0,4.0,0.0,2,3.9755810756629275,3.9755810756629275,0.0,2,0,0.0,0.0
75-50,2,8.982164342737173,8.982164342737173,0.0,2,0,3.0,0.0,2,8.982164342737173,8.982164342737173,0.0,2,0,0.0,0.0
75-51,3,0.6437751649736402,0.6437751649736402,8.881784197001253e-17,2,0,2.0,0.0,3,0.6437751649736402,0.6437751649736402,8.881784197001253e-17,2,0,0.0,0.0
75-52,3,1.4885610583277986,1.4885610583277986,0.0,2,0,2.0,0.0,3,1.4885610583277986,1.4885610583277986,0.0,2,0,0.0,0.0
75-53,3,3.961395021014451,3.961395021014451,0.0,2,0,2.0,0.0,3,3.961395021014451,3.961395021014451,0.0,2,0,0.0,0.0
75-54,3,4.327911313764114,4.327911313764114,0.0,2,0,2.0,0.0,3,4.327911313764114,4.327911313764114,0.0,2,0,0.0,0.0
75-55,1,0.7417492747969365,0.7417492747969364,2.7434082461779924e-16,2,0,2.0,0.0,1,5.650384181541371,5.650384181541371,0.0,2,0,0.0,1.0
75-56,2,3.624774757969935,3.624774757969935,0.0,2,0,2.0,0.0,2,3.6090492121584004,3.6090492121584004,0.0,2,0,0.0,1.0
75-57,1,6.080673952009186,6.080673952009185,1.845565547428831e-15,2,0,3.0,0.0,1,6.080673952009186,6.080673952009185,1.845565547428831e-15,2,0,0.0,0.0
75-58,2,1.5607063143490245,1.5607063143490245,0.0,2,0,2.0,0.0,2,1.5607063143490245,1.5607063143490245,0.0,2,0,0.0,1.0
75-59,2,4.628706385997265,4.628706385997265,0.0,2,0,2.0,0.0,2,4.628706385997265,4.628706385997265,0.0,2,0,0.0,1.0
75-60,2,1.542902128665755,1.542902128665755,0.0,2,0,2.0,0.0,2,1.542902128665755,1.542902128665755,0.0,2,0,0.0,1.0
76-1,2,12.123869608600355,12.123869608600355,0.07707467812233233,7,0,7.0,0.0,2,12.166393764071588,12.16639376407159,0.13439328530207942,7,0,0.0,0.0
76-2,2,17.590231922501108,17.59023192250111,0.4051910478422167,7,0,7.0,0.0,2,17.711771154805124,17.711771154805128,0.4017716801618666,7,0,0.0,0.0
76-3,2,16.523298689315652,16.523298689315652,0.22559282432037198,10,0,10.0,0.0,2,16.55293565051518,16.55293565051518,0.21955577942853907,10,0,0.0,0.0
76-4,2,15.0903053958128,15.090305395812798,0.2543922296570724,6,0,6.0,0.0,2,15.190103355516037,15.19010335551604,0.24289496446032502,6,0,0.0,0.0
76-5,2,21.643667295821786,21.643667295821786,0.22024901963094926,7,0,7.0,0.0,2,21.579874035200945,21.579874035200945,0.25842493139805217,7,0,0.0,0.0
76-6,2,25.211229926828377,25.211229926828373,0.495372502698924,9,0,9.0,0.0,2,25.272031179037146,25.272031179037143,0.37262382359127943,8,0,0.0,0.0
76-7,2,22.125133820033966,22.125133820033966,0.48611901703050037,9,0,9.0,0.0,2,22.18667053013035,22.18667053013035,0.46051378153539735,9,0,0.0,0.0
76-8,2,24.3001167022831,24.3001167022831,0.2900679464361861,7,0,7.0,0.0,2,24.210603628933,24.210603628933,0.2887615709814436,7,0,0.0,0.0
76-9,2,39.889146847358674,39.889146847358674,1.8688980859016842,6,0,6.0,0.0,2,39.816350305155964,39.81635030515596,1.8268928860909737,6,0,0.0,0.0
76-10,2,37.26645412045748,37.26645412045748,0.8858795101206136,7,0,7.0,0.0,2,37.41084182884141,37.410841828841406,0.9519656062250501,7,0,0.0,0.0
76-11,2,38.576673344352066,38.57667334435207,0.6181100516266049,6,0,6.0,0.0,2,38.54314407494609,38.543144074946085,0.5614537588245969,6,0,0.0,0.0
76-12,2,29.355577951095135,29.355577951095142,0.7720962134438387,4,0,5.0,0.0,2,29.150383567749866,29.150383567749863,0.786843883638101,4,0,0.0,0.0
76-13,2,51.50882853027682,51.5088285302768,1.1522132124150424,5,0,5.0,0.0,2,51.188839118142354,51.188839118142354,1.1645624763945108,5,0,0.0,0.0
76-14,2,50.59546977672251,50.5954697767225,1.5054907944755136,5,0,5.0,0.0,2,50.48402149019507,50.48402149019507,1.3742996205750793,5,0,0.0,0.0
76-15,2,49.94307066704086,49.94307066704086,0.8235162670260783,5,0,5.0,0.0,2,49.641247409303055,49.64124740930306,0.6539925491834833,5,0,0.0,0.0
76-16,2,55.479143112053684,55.479143112053684,1.9999488031811714,4,0,4.0,0.0,2,55.536643488278905,55.53664348827891,2.1561719063330225,4,0,0.0,0.0
77-1,2,7.6440191931801955,7.6440191931801955,0.0,2,0,5.0,0.0,2,7.6440191931801955,7.6440191931801955,0.0,2,0,0.0,0.0
77-2,2,4.046196642715624,4.046196642715624,5.551115123125783e-16,2,0,5.0,0.0,2,4.046196642715623,4.046196642715623,0.0,2,0,0.0,0.0
77-3,2,6.033791634253318,6.033791634253318,0.0,2,0,5.0,0.0,2,6.033791634253318,6.033791634253318,0.0,2,0,0.0,0.0
77-4,2,11.120416092946066,11.120416092946066,0.0,2,0,4.0,0.0,2,11.120416092946066,11.120416092946066,0.0,2,0,0.0,0.0
77-5,2,10.995390041509413,10.995390041509413,0.0,2,0,4.0,0.0,2,10.995390041509413,10.995390041509413,0.0,2,0,0.0,0.0
77-6,2,14.880609584886752,14.880609584886752,0.0,2,0,4.0,0.0,2,14.880609584886752,14.880609584886752,0.0,2,0,0.0,0.0
77-7,2,11.563432233264026,11.563432233264026,0.0,2,0,4.0,0.0,2,11.563432233264026,11.563432233264026,0.0,2,0,0.0,0.0
77-8,2,7.088288880370216,7.088288880370216,1.1102230246251565e-15,2,0,3.0,0.0,2,7.088288880370216,7.088288880370216,1.1102230246251565e-15,2,0,0.0,0.0
78-1,3,199.5048042902375,199.5048042902375,0.0,2,0,4.0,0.0,3,173.21159755990988,173.21159755990988,7.448353982684889,4,0,0.0,0.0
78-2,3,6.087478196529103,6.087478196529103,0.19683474301730278,5,0,5.0,0.0,3,6.009970398536122,6.009970398536122,0.18044649968221452,5,0,0.0,0.0
79-1,2,26.13236046775892,26.13236046775892,0.0,2,0,4.0,0.0,2,26.13236046775892,26.13236046775892,0.0,2,0,0.0,0.0
79-2,2,12.847782805375013,12.847782805375013,0.0,2,0,4.0,0.0,2,12.847782805375013,12.847782805375013,0.0,2,0,0.0,0.0
79-3,2,5.801129466917161,5.801129466917161,0.0,2,0,3.0,0.0,2,5.801129466917161,5.801129466917161,0.0,2,0,0.0,0.0
79-4,2,16.418069036026456,16.418069036026456,0.0,2,0,4.0,0.0,2,16.418069036026456,16.418069036026456,0.0,2,0,0.0,0.0
79-5,2,3.1808973513402736,3.1808973513402736,0.0,2,0,4.0,0.0,2,3.1808973513402736,3.1808973513402736,0.0,2,0,0.0,0.0
79-6,2,4.54265818925955,4.54265818925955,0.0,2,0,4.0,0.0,2,4.54265818925955,4.54265818925955,0.0,2,0,0.0,0.0
80-1,2,33.31584700045878,33.31584700045878,0.0,2,0,2.0,0.0,2,33.313707567369455,33.313707567369455,4.473999696252898e-15,2,0,0.0,0.0
80-2,2,13.160051644188103,13.160051644188103,0.0,2,0,2.0,0.0,2,13.29805992930066,13.29805992930066,0.0,2,0,0.0,0.0
80-3,2,1.6518521957894632,1.6518521957894632,2.796249810158061e-16,2,0,2.0,0.0,2,1.8039256420928502,1.8039256420928502,0.0,2,0,0.0,0.0
80-4,2,1.7168154325000602,1.7168154325000602,0.0,2,0,2.0,0.0,2,1.749089084249295,1.749089084249295,0.0,2,0,0.0,0.0
80-5,2,2.9887143053516048,2.9887143053516048,4.473999696252897e-16,2,0,2.0,0.0,2,3.051649337855255,3.051649337855255,0.0,2,0,0.0,0.0
80-6,2,1.0555968787072938,1.0555968787072938,0.0,2,0,2.0,0.0,2,1.0852124012485744,1.0852124012485744,2.2369998481264486e-16,2,0,0.0,0.0
81-1,2,121.40076011523504,121.40076011523504,0.0,2,0,2.0,0.0,2,125.95595916142537,125.95595916142537,0.0,2,0,0.0,0.0
81-2,2,2.149671194461384,2.149671194461384,0.31602333321389137,4,0,5.0,0.0,2,2.2653126595924986,2.2653126595924986,0.3400433913138285,4,0,0.0,0.0
81-3,2,10.279221182090456,10.279221182090456,0.0,2,0,2.0,0.0,2,10.471507445649232,10.471507445649232,0.0,2,0,0.0,0.0
81-4,2,150.68689019362665,150.68689019362665,0.0,2,0,2.0,0.0,2,156.4875698274142,156.4875698274142,0.0,2,0,0.0,0.0
81-5,2,2.6763487179685805,2.67634871796858,0.3957460934649872,4,0,4.0,0.0,2,2.8802199365462053,2.8802199365462053,0.49661262239461346,4,0,0.0,0.0
81-6,2,1.1375681829264068,1.1375681829264068,0.30305401677342103,5,0,5.0,0.0,2,1.2675428954878103,1.2675428954878105,0.2712079509449745,5,0,0.0,0.0
